Pmoy,VitMat60,SecMat
"570,147","7,7",O
"690,1156","8,15",O
"708,6302","8,15",O
"763,6488","8,317",O
"733,9476","8,217",O
"641,9308","7,633",O
"722,9428","8,333",O
"690,0194","8,15",O
"462,3666","7,25",O
"552,0434","7,3",O
"400,4356","6,6",O
"518,7792","7,467",O
"682,9198","8,033",O
"818,307","8,283",O
"1034,67925","8,583",O
"1100,4955","8,783",O
"1140,3524","9,233",O
"1523,57025","10,167",O
"1498,4895","10,067",SO
"1692,748","10,867",O
"1346,09825","9,85",O
"1519,581","9,817",SO
"1662,569","10,517",SO
"1591,25875","10,717",O
"1343,4215","9,767",O
"1182,45525","9,25",O
"1691,51425","10,983",NO
"1129,9255","9,8",NO
"552,2655","7,55",NO
"480,703","7,267",NO
"724,542","7,633",NO
"1000,0265","9,317",NO
"779,75","8,133",NO
"655,189","7,967",NO
"637,81325","8,25",NO
"343,28925","6,567",NO
"270,84025","6,167",NO
"454,601",7,NO
"271,72125","6,317",NO
"364,9165","6,283",NO
"227,22425","6,267",NO
"223,631","6,3",NO
"183,8855","5,367",NO
"245,472","5,8",NO
,"5,95",NO
,"5,533",NO
,"5,75",NO
,"5,567",NO
,"4,733",NO
,"4,033",NO
,"4,15",NO
,"3,85",NO
,"3,883",NO
,"3,017",NO
,"2,95",N
,"3,983",S
,"5,05",S
,5,S
,"5,517",S
,"6,9",S
,"6,85",S
,"7,233",S
,"8,833",S
,"8,4",S
,"7,333",S
,"6,15",S
,"6,5",S
,"7,183",SE
,"8,217",S
,"8,4",S
,"7,6",S
,"7,733",S
,"6,667",S
,"5,067",S
,"4,117",S
,"5,517",S
,"6,067",S
,"5,533",S
,"6,25",SO
,"6,067",SO
,"5,483",SO
,"5,417",SO
,"6,1",SO
,"6,3",SO
,"7,283",SO
,8,SO
,"7,833",SO
,"8,8",SO
,"8,967",SO
,"9,117",SO
,"9,5",SO
,"9,533",SO
,"9,9",SO
,"10,617",SO
,"10,45",SO
,"9,983",SO
,"9,567",SO
,"9,6",SO
,"10,283",SO
,"11,2",SO
,"11,433",SO
,"11,517",SO
,"11,983",SO
,"12,083",SO
,"12,05",SO
,"9,65",O
,"8,9",O
,"8,167",O
,"8,817",O
,"7,567",O
,"8,283",O
,"7,983",O
,"8,1",O
,"7,033",O
,7,O
,"5,617",O
,"5,633",O
,"6,133",O
,"5,983",O
,"5,767",O
,"5,617",SO
,"3,983",S
,"6,133",SO
,"5,167",SO
,"5,133",SO
,"5,217",SO
,"5,95",SO
,"5,517",S
,"6,317",S
,"6,383",S
,"7,067",S
,"7,617",S
,"8,083",S
,"7,15",SO
,"6,4",SO
,"6,383",SO
,"5,917",SO
,"6,7",SO
,"7,15",SO
,"6,333",SO
,"5,75",SO
,"5,9",S
,"6,467",S
,"4,783",SE
,"7,4",SO
,"7,1",SO
,"6,917",SO
,"7,033",SO
,"7,317",S
,"7,733",S
,"7,583",S
,"8,967",S
,"9,417",S
,"8,967",S
,"10,217",S
,"10,067",S
,"10,85",S
,"10,583",S
,"10,35",SO
,"11,017",SO
,"11,717",SO
,"12,317",SO
,"13,017",SO
,"14,25",SO
,"14,733",SO
,"15,583",SO
,"15,067",SO
,"14,6",SO
,"12,267",O
,"7,333",O
,"6,75",O
,"6,817",O
,"7,183",O
,"6,05",O
,"4,367",O
,"4,233",O
,"3,583",O
,"3,85",SO
,"4,183",SO
,"4,567",SO
,"4,65",SO
,"5,183",SO
,"6,45",SO
,"7,15",S
,"5,933",S
,"6,3",S
,"6,2",SO
,"5,75",O
,"5,883",SO
,"6,933",SO
,"7,983",SO
,"8,5",SO
,"9,583",S
,"11,317",S
,"10,867",S
,"10,333",S
,10,S
,"8,4",S
,"8,017",S
,8,S
,"8,5",S
,"8,117",S
,"8,4",S
,"9,1",S
,"8,45",S
,"8,85",S
,"9,017",S
,"8,633",S
,"8,383",S
,"8,55",S
,"8,333",S
,"7,967",S
,"8,233",S
,"8,517",S
,"8,533",S
,"8,167",S
,"9,133",SO
,"9,867",SO
,"9,333",SO
,"10,85",SO
,"10,967",SO
,"10,783",SO
,"11,267",SO
,"10,833",SO
,"10,5",SO
,"9,533",SO
,"9,383",SO
,"9,733",SO
,"8,783",SO
,"8,417",SO
,"7,183",SO
,"6,783",SO
,"8,183",SO
,"8,5",S
,"8,7",S
,"9,467",S
,"9,417",S
,"10,367",S
,"10,817",S
,"11,483",S
,"11,617",S
,"11,983",S
,"11,083",S
,"11,15",S
,"10,333",S
,"9,65",S
,"9,967",S
,"9,667",S
,"10,267",S
,"9,333",SO
,"9,1",SO
,"9,767",SO
,"10,467",SO
,"10,383",SO
,"6,783",O
,"4,533",NO
,"3,533",O
,"4,367",NO
,"4,567",NO
,"4,15",NO
,"3,817",NO
,"3,333",NO
,"3,883",NO
,"3,717",NO
,"3,583",NO
,"3,65",NO
,"3,067",NE
,"3,05",E
,"2,6",E
,"5,017",E
,"5,717",E
,"5,217",SE
,"3,3",SE
,"3,65",E
,"3,783",SE
,"3,3",SE
,"4,067",SE
,"4,3",SE
,"4,5",E
,"4,733",E
,"5,5",SE
,"5,55",SE
,"5,233",SE
,"4,9",SE
,"4,767",SE
,4,SE
,"5,583",SE
,"4,933",SE
,"3,55",SE
,"4,217",SE
,"4,883",SE
,"4,767",SE
,"5,033",SE
,"5,133",SE
,"5,483",SE
,"5,367",SE
,"5,983",SE
,"6,1",SE
,"5,133",SE
,"5,533",SE
,5,SE
,"5,6",SE
,"6,283",SE
,"5,933",SE
,"5,883",SE
,"5,267",SE
,"6,183",E
,"6,317",E
,"6,65",E
,"6,85",E
,7,E
,"6,7",E
,"7,033",E
,"5,817",E
,"4,833",SE
,"5,5",SE
,"5,2",SE
,"5,25",SE
,"5,467",SE
,"5,183",SE
,"3,85",SE
,"4,417",SE
,"4,717",SE
,"5,267",SE
,"5,267",SE
,"5,833",SE
,"5,6",SE
,"5,633",SE
,"5,483",SE
,"4,467",SE
,"4,433",SE
,"5,8",SE
,"6,183",SE
,"5,133",SE
,"4,733",S
,"3,25",S
,"4,7",S
,"4,983",S
,"5,983",S
,"5,967",S
,"5,8",S
,"5,117",S
,"5,783",S
,"6,067",S
,"5,8",S
,"6,233",S
,"6,383",S
,"6,433",S
,"6,317",S
,"7,517",S
,"8,017",S
,"8,117",S
,"7,95",S
,"7,483",SO
,"8,6",SO
,"9,667",SO
,"10,617",SO
,"10,35",SO
,"9,883",SO
,"9,917",SO
,"10,267",SO
,"10,583",SO
,"10,583",SO
,"12,15",SO
,"12,733",SO
,"12,117",O
,"11,8",O
,"13,567",O
,"14,733",O
,"15,667",O
,"16,167",O
,"16,817",O
,"17,817",O
,"18,467",O
,"18,633",NO
,"15,783",NO
,"19,283",NO
,"18,483",NO
,"18,733",NO
,"18,767",NO
,"16,3",NO
,"14,8",NO
,"13,817",NO
,"17,083",NO
,"16,383",NO
,"15,167",NO
,"14,517",NO
,"14,05",NO
,"14,017",NO
,15,NO
,"15,283",NO
,"15,433",NO
,"15,183",NO
,"14,183",NO
,"14,217",NO
,"11,817",NO
,"9,75",NO
,"9,017",NO
,"7,583",NO
,"4,2",NO
,"3,733",S
,"6,067",SO
,"12,983",NO
,"13,3",NO
,"12,25",NO
,"12,55",NO
,"11,683",NO
,"10,567",NO
,"10,967",NO
,"11,017",NO
,"10,8",NO
,"10,733",NO
,"10,4",NO
,"10,733",NO
,"12,1",NO
,"12,25",NO
,"13,283",NO
,"13,6",NO
,"12,867",NO
,"12,867",NO
,"11,65",NO
,"10,6",NO
,"10,9",NO
,"11,3",NO
,"12,083",NO
,"10,083",NO
,"10,733",O
,"10,683",O
,"10,333",O
,"10,2",O
,"11,717",O
,"11,217",O
,"12,867",O
,"12,533",O
,"13,117",O
,"14,8",O
,"11,967",O
,"10,8",O
,"10,583",O
,"11,633",O
,"11,5",NO
,"10,6",O
,"10,05",O
,"10,883",NO
,"10,05",NO
,"10,033",NO
,"8,633",NO
,"10,533",O
,"9,633",O
,"10,283",O
,"10,15",NO
,"10,25",NO
,"9,717",NO
,"10,867",NO
,"9,75",O
,"8,983",O
,"9,2",NO
,"9,333",O
,"9,133",O
,"8,933",O
,"8,283",O
,"8,85",O
,"9,9",NO
,"8,817",NO
,"8,317",NO
,"9,3",NO
,"8,3",O
,"10,133",NO
,"9,083",O
,"9,45",O
,"8,4",NO
,"10,133",O
,"10,767",O
,"10,417",O
,"10,1",O
,"9,633",O
,"9,35",O
,"9,583",NO
,"10,383",O
,"9,733",O
,"9,533",O
,"9,517",O
,"9,917",O
,9,O
,"9,717",O
,"10,267",O
,"10,717",O
,"11,417",O
,"11,467",O
,"11,617",O
,"12,083",O
,"11,367",NO
,"9,333",NO
,"9,45",NO
,"13,4",N
,"13,367",NE
,"11,85",NE
,"12,367",NE
,"13,683",NE
,"11,767",NE
,"11,733",NE
,"10,033",NE
,"9,933",NE
,"8,45",NE
,"8,7",NE
,"8,933",NE
,"8,05",NE
,"7,217",NE
,"7,783",N
,"9,933",N
,"10,65",N
,"10,067",N
,"10,033",N
,"9,783",N
,"10,5",N
,"9,283",N
,"9,983",N
,"10,1",N
,"10,483",N
,"10,4",N
,"11,667",N
,"10,867",N
,"10,2",N
,"10,067",N
,"10,85",N
,"10,483",N
,"10,667",N
,"10,817",N
,"9,433",N
,"10,317",N
,"9,55",N
,"8,817",N
,"9,383",N
,10,N
,"9,717",N
,"10,6",N
,"10,383",N
,"9,45",N
,"9,917",N
,"9,167",N
,"9,367",N
,"9,567",N
,"8,917",N
,"7,367",N
,"8,333",N
,"9,8",N
,"8,683",NE
,"7,267",NE
,"8,983",NE
,"8,183",N
,"9,333",N
,"10,033",N
,"9,133",N
,"11,25",N
,"10,783",N
,"10,967",N
,"9,25",NE
,"9,017",NE
,"9,733",N
,"9,917",NE
,"10,05",NE
,"9,783",NE
,"9,817",N
,"11,067",N
,"11,3",N
,"9,833",NE
,"10,85",NE
,"11,367",NE
,"11,683",NE
,"13,067",NE
,"14,1",NE
,"14,633",NE
,"13,333",NE
,"12,783",NE
,"12,167",NE
,"13,433",NE
,"12,333",NE
,"11,317",NE
,"10,15",NE
,"7,85",NE
,"8,417",N
,"8,267",N
,"8,933",N
,"8,767",N
,"7,667",N
,"8,5",N
,"7,95",N
,"6,383",N
,"5,567",N
,"5,483",N
,"3,567",NE
,"3,833",N
,"4,867",N
,"5,35",N
,"6,2",N
,"6,583",N
,"7,183",N
,"8,95",N
,"8,9",N
,"7,883",N
,"9,15",N
,"9,033",N
,"7,05",N
,"8,417",N
,"7,9",N
,"9,35",N
,"8,75",N
,"9,733",N
,"9,967",N
,"10,633",N
,"10,217",N
,"9,817",N
,"9,383",N
,"9,517",N
,"7,95",N
,"7,733",N
,"9,367",N
,"11,017",N
,"10,317",N
,"10,15",N
,"10,683",N
,"10,3",N
,"9,617",N
,"9,367",N
,"8,983",N
,"9,417",N
,"9,783",N
,"9,817",N
,"9,95",N
,"9,933",N
,"9,433",N
,"8,817",N
,"7,467",NE
,"7,583",N
,"7,65",NE
,"7,133",NE
,"5,817",NE
,"5,7",NE
,"7,317",NE
,"7,2",NE
,"8,267",N
,"8,6",N
,"8,267",N
,"8,633",N
,"9,417",N
,"9,55",N
,"8,75",N
,"8,283",N
,"7,717",N
,"6,833",NE
,"4,233",NE
,"3,917",NE
,"4,1",NE
,"3,5",NE
,"3,833",NE
,"3,667",NE
,"3,133",NE
,"3,167",NE
,"4,517",NO
,"5,3",NO
,"5,717",NO
,"8,183",NO
,"8,45",NO
,"6,85",N
,"6,333",NO
,"7,033",NO
,"6,833",NO
,"6,517",N
,"6,867",N
,"7,4",N
,"6,783",N
,"5,883",N
,"5,333",N
,"5,083",N
,"5,2",N
,"5,783",N
,"4,783",NO
,"4,9",N
,"6,467",N
,"6,8",N
,"6,967",N
,"6,467",N
,"6,333",N
,"6,25",N
,"5,717",N
,"7,217",N
,"6,8",N
,"6,65",NO
,"6,367",N
,"6,5",N
,"6,2",N
,"6,133",N
,"4,433",NO
,"5,9",NO
,"6,95",NO
,"8,35",NO
,"8,1",NO
,"7,45",N
,"7,217",NO
,"7,917",NO
,"7,85",NO
,"7,983",NO
,"8,783",NO
,"8,117",N
,"7,1",N
,"7,017",N
,"7,317",N
,"7,617",N
,"8,467",N
,"7,2",N
,"8,467",N
,"8,733",NE
,"8,083",NE
,"5,633",NE
,"4,667",NE
,"4,717",NE
,"5,4",NE
,"4,283",NE
,"3,033",N
,"3,85",NO
,"5,3",NO
,"5,783",NO
,"3,867",NO
,"4,333",NO
,"5,383",NO
,"5,15",NO
,"5,983",NO
,"6,667",NO
,"6,267",NO
,"6,55",NO
,"5,833",NO
,"6,083",N
,"6,533",N
,"7,15",N
,"6,167",N
,"6,617",NE
,"5,817",NE
,"5,417",NE
,"6,6",NE
,"5,433",NE
,"5,95",NE
,"6,4",NE
,"6,4",NE
,"4,767",NE
,"4,283",NE
,"4,117",NE
,"4,283",NE
,"5,35",NE
,"6,517",NE
,"4,35",NE
,"4,117",NE
,"5,067",NE
,4,NE
,"4,9",NE
,"7,15",NE
,"6,983",N
,"6,867",N
,7,NE
,"6,567",NE
,"6,3",NE
,"6,367",NE
,"6,017",NE
,"6,667",NE
,"5,55",NE
,"5,567",NE
,"4,183",NE
,"3,067",NE
,"2,683",NE
,"3,067",NE
,"2,65",NE
,"3,367",NE
,"3,45",E
,"3,15",NE
,"3,933",NE
,"3,467",NE
,"2,9",NE
,"3,117",NE
,"3,483",NE
,"3,717",NE
,"3,833",NE
,"2,95",SE
,"5,883",S
,"3,817",S
,"5,317",S
,"6,217",S
,"6,233",S
,"4,783",S
,"4,917",S
,"4,717",S
,"4,75",S
,"5,833",S
,"5,133",S
,"5,833",SE
,"6,417",S
,"7,017",S
,"5,2",S
,"7,3",SE
,"6,333",SE
,"7,433",SE
,"7,867",SE
,"7,417",SE
,"7,6",SE
,"6,933",SE
,"8,517",SE
,"8,633",SE
,"8,983",SE
,"9,133",SE
,"8,983",SE
,"7,333",SE
,"6,383",SE
,"5,5",SE
,"5,4",SE
,"5,217",S
,"5,15",S
,"4,683",SO
,"3,683",SO
,"3,283",NE
,"3,683",NE
,"5,567",E
,"6,5",E
,"6,517",E
,"7,05",E
,"7,383",SE
,"6,7",SE
,"7,183",SE
,"6,45",E
,"6,65",SE
,"6,633",SE
,"6,417",E
,"6,283",SE
,"6,483",SE
,"6,517",SE
,"5,983",SE
,"4,867",S
,"4,6",S
,"1,917",S
,"3,217",SE
,"4,183",SE
,"5,8",SE
,"6,15",SE
,"7,067",SE
,"6,533",SE
,"6,617",SE
,"6,483",SE
,"5,45",SE
,"6,467",SE
,"5,217",SE
,"4,217",SE
,"3,883",SE
,"3,65",E
,"2,05",E
,"2,483",E
,"1,983",E
,"1,767",E
,"3,35",E
,"4,083",E
,"4,05",S
,"5,217",SE
,"5,383",S
,"5,217",S
,"4,267",S
,"3,55",SO
,"4,433",O
,"4,267",O
,"4,317",O
,"4,65",O
,"3,567",O
,"4,1",O
,"4,3",O
,"5,533",SO
,"6,6",SO
,"7,067",SO
,"7,15",SO
,"6,867",SO
,"7,183",SO
,"6,483",O
,"6,683",O
,"6,6",O
,"6,95",SO
,"7,633",SO
,"7,833",SO
,"7,833",SO
,"8,067",SO
,"9,217",SO
,"8,633",SO
,"8,383",SO
,"8,717",SO
,"8,683",SO
,"8,733",SO
,"8,233",SO
,"8,717",SO
,"9,467",SO
,"10,233",SO
,"10,783",SO
,"11,733",SO
,"12,383",SO
,"13,05",SO
,"12,883",SO
,"12,633",O
,"12,767",O
,"12,883",O
,"12,883",O
,"12,533",O
,"12,017",O
,"11,883",O
,"12,033",O
,"11,167",O
,"11,033",O
,"10,833",O
,"10,817",O
,"10,667",O
,"10,65",O
,"10,783",O
,"10,267",O
,"10,2",O
,"10,733",O
,"10,983",O
,"11,05",O
,"11,667",O
,"11,517",O
,"12,05",O
,"11,3",O
,"11,333",O
,"11,35",O
,"11,8",O
,"12,517",O
,"12,133",O
,"13,233",O
,"14,083",O
,"14,683",O
,"14,833",O
,"14,483",O
,13,O
,"13,2",O
,"13,717",NO
,"13,95",NO
,"13,85",NO
,"13,083",NO
,"13,017",NO
,"11,817",NO
,"11,967",NO
,"11,517",NO
,"11,45",NO
,"11,333",NO
,"10,683",NO
,"9,817",NO
,"10,767",NO
,"10,483",NO
,"10,25",NO
,"10,883",NO
,"14,633",NO
,"15,2",NO
,"14,6",NO
,"14,5",NO
,"15,3",NO
,"17,05",NO
,"17,35",NO
,"19,517",NO
,"18,283",NO
,"17,367",N
,"16,583",N
,"16,8",N
,"15,4",N
,"13,383",NO
,"13,083",N
,"10,7",N
,9,N
,"8,967",N
,"11,233",NO
,"12,967",NO
,"11,85",N
,"11,783",N
,"11,217",N
,"12,283",N
,"10,8",N
,"11,417",N
,"11,033",N
,"9,533",N
,"9,6",N
,"9,283",N
,"8,2",NO
,"10,033",NO
,"10,05",NO
,"10,167",NO
,"9,117",N
,"9,5",N
,"11,317",N
,"11,4",N
,"8,85",N
,"7,683",N
,"7,767",NO
,"9,583",NO
,"7,9",N
,"8,917",N
,"7,9",N
,"8,867",N
,"11,183",N
,"11,75",N
,"11,983",N
,"11,783",N
,"11,617",N
,"12,467",N
,"10,983",N
,"10,883",N
,"12,217",N
,"8,6",NE
,"9,333",NE
,"10,333",N
,"10,6",N
,"10,95",N
,"10,8",N
,"10,417",N
,"9,233",N
,"9,7",N
,"10,383",N
,"10,967",N
,"10,367",N
,"10,367",N
,"8,617",N
,"9,5",N
,"9,533",N
,"9,183",N
,"8,317",N
,"4,433",NE
,"7,583",NE
,"7,4",NE
,"8,05",NE
,"8,967",NE
,"7,9",NE
,"8,167",N
,"9,817",N
,"7,933",N
,"8,35",N
,8,N
,"9,55",N
,"7,75",N
,"7,117",N
,"6,367",NE
,"6,117",N
,"5,833",N
,"5,7",N
,"5,567",N
,"5,517",N
,"6,55",N
,"6,133",N
,"4,667",N
,"5,7",N
,"5,917",N
,"5,4",N
,"4,583",N
,"4,367",N
,"3,95",N
,"3,75",N
,"3,017",NO
,"3,633",E
,"3,933",SE
,"4,233",SE
,"4,583",SE
,"4,25",SE
,"4,217",S
,"4,733",S
,"4,533",S
,"4,783",S
,"4,95",S
,"5,117",S
,"4,817",S
,"3,967",S
,"4,433",SO
,"5,433",SO
,"3,317",O
,"4,033",SO
,"4,367",SO
,"4,417",SO
,"3,667",NO
,"4,617",NO
,"5,217",NO
,"7,117",N
,"6,033",N
,"5,75",NO
,"5,7",NO
,"6,7",NO
,"6,9",NO
,"8,567",NO
,"9,917",NO
,"9,967",NO
,"9,933",N
,"10,717",N
,"9,883",N
,"11,683",NO
,"11,417",NO
,"11,3",NO
,"13,633",NO
,"9,35",NO
,"10,467",NO
,"8,417",N
,"7,017",N
,"9,183",N
,"9,533",N
,"8,467",N
,"8,817",N
,"9,2",N
,"7,533",N
,"6,233",N
,"5,8",N
,"5,817",N
,"4,567",N
,"3,967",N
,"5,9",NO
,"11,067",NO
,"12,3",NO
,"11,967",N
,"9,017",N
,"9,283",N
,"5,8",N
,"8,183",N
,"6,217",N
,"7,267",N
,"6,6",N
,"6,35",N
,"6,7",N
,"5,15",N
,"5,4",N
,"8,317",N
,"6,433",N
,"8,3",N
,"5,8",N
,"7,817",N
,"8,55",N
,"8,233",N
,"8,7",N
,"8,367",N
,"8,683",N
,"8,167",N
,"8,433",N
,"8,283",N
,"7,45",N
,"7,467",N
,"5,983",N
,"6,1",N
,"7,733",N
,"7,533",N
,"7,85",N
,"6,483",N
,"4,867",N
,"4,233",N
,"5,617",NO
,"5,733",N
,"4,1",NE
,"3,7",NE
,"3,883",NE
,"3,833",NE
,"2,583",NE
,"2,567",E
,"2,1",E
,"3,067",E
,"3,967",E
,"5,6",E
,"4,85",E
,"4,017",E
,"4,117",E
,"3,883",NE
,"3,783",NE
,"4,55",NE
,"4,45",NE
,"4,25",NE
,"4,633",NE
,"5,733",NE
,"6,2",NE
,"7,95",N
,"6,983",NE
,"5,4",NE
,"5,567",NE
,"5,5",NE
,"5,4",NE
,"6,683",NE
,"7,067",NE
,"7,533",NE
,"6,467",NE
,"6,667",NE
,"6,45",NE
,"6,75",NE
,"6,45",NE
,"4,95",NE
,"4,617",NE
,"4,033",NE
,"3,317",NO
,"3,933",NO
,"4,233",NO
,"5,783",N
,"5,733",N
,"6,25",N
,"5,667",N
,"5,433",N
,"6,05",N
,"6,2",NE
,"5,733",N
,"5,85",NE
,"4,283",NE
,"4,633",NE
,"4,583",NE
,"4,333",NE
,"2,617",NE
,"4,033",O
,"4,467",O
,"4,917",O
,"4,967",O
,"2,25",O
,"2,917",S
,"5,083",S
,"5,267",S
,"5,117",S
,"5,367",S
,"6,717",S
,"6,133",SE
,"5,667",SE
,"5,8",SE
,"6,483",E
,"7,55",E
,"8,15",E
,"8,85",E
,9,E
,"9,883",E
,"9,733",E
,"11,383",E
,"8,983",E
,"9,483",E
,"7,9",E
,"8,717",E
,"9,3",NE
,"9,233",NE
,"9,633",E
,"9,983",E
,"8,95",E
,"8,533",NE
,"9,383",E
,"9,117",E
,"10,933",NE
,"9,4",NE
,"8,65",NE
,"8,7",NE
,"6,783",NE
,"6,417",NE
,"6,25",NE
,"6,783",NE
,"8,217",E
,"8,3",NE
,"7,333",NE
,"6,033",NE
,"7,467",NE
,"8,717",NE
,"7,2",NE
,"7,317",NE
,"8,75",NE
,"8,4",N
,8,NE
,"7,417",NE
,"6,133",NE
,"5,933",N
,"6,483",N
,"5,617",N
,"5,817",N
,"10,35",N
,"9,617",N
,"8,633",NE
,"9,5",N
,"10,367",NE
,"12,217",NE
,"11,5",NE
,"10,783",NE
,"11,1",NE
,"11,133",NE
,"11,3",NE
,"11,067",NE
,"11,017",NE
,"9,6",NE
,"9,6",NE
,"8,7",NE
,"6,133",NE
,"7,017",NE
,"7,417",NE
,"8,183",NE
,"8,1",NE
,"7,633",NE
,"7,133",NE
,"7,333",NE
,"8,367",NE
,"8,383",NE
,"7,917",NE
,"6,95",NE
,"6,2",NE
,"6,383",NE
,"6,567",NE
,"6,25",NE
,"5,933",NE
,"6,833",NE
,"6,933",NE
,"7,067",NE
,"5,967",NE
,"5,217",NE
,"5,533",NE
,"4,883",NE
,"3,783",NE
,"3,067",NE
,"2,583",NE
,"4,233",E
,"4,3",E
,"3,717",SE
,"4,3",S
,"4,167",S
,"3,8",S
,"3,683",S
,"3,25",SO
,"3,8",SO
,"4,383",SO
,"5,25",SO
,"6,667",SO
,"7,267",S
,"6,417",S
,"6,45",SO
,"7,3",SO
,"7,717",SO
,"7,867",SO
,"8,417",SO
,"8,05",SO
,"8,3",SO
,"8,767",SO
,"9,633",SO
,10,SO
,"10,5",SO
,"10,75",SO
,"11,45",SO
,"12,017",SO
,"8,567",O
,"5,167",O
,"5,283",SO
,"6,2",S
,"4,867",S
,"4,6",S
,"4,45",S
,"3,233",NE
,"4,7",NE
,"2,617",NE
,"4,1",N
,"6,9",N
,"7,833",N
,"8,3",N
,"8,617",N
,"9,35",N
,"9,717",N
,"11,117",N
,"13,167",N
,"13,983",N
,"14,117",N
,"14,8",N
,"14,933",N
,"15,317",N
,"15,333",N
,"14,683",N
,"13,517",N
,"13,15",N
,"11,433",N
,"8,9",N
,"11,033",N
,"10,717",N
,"11,3",N
,"11,067",N
,"10,767",N
,"9,45",N
,"8,517",N
,"8,217",N
,"8,2",N
,"7,35",N
,"8,05",N
,"8,583",N
,"8,05",N
,"7,85",N
,"7,317",N
,"5,017",N
,"4,333",NO
,"3,467",NO
,"4,9",NO
,"6,633",O
,"8,1",O
,"10,083",O
,"10,65",O
,"11,55",O
,"11,333",NO
,"12,233",NO
,"11,35",NO
,"13,45",NO
,"12,467",N
,"10,917",NO
,"10,95",N
,"9,867",N
,"10,633",N
,"9,1",NO
,"8,983",NO
,"8,05",NO
,"8,867",NO
,"9,633",NO
,"10,283",NO
,"10,633",NO
,"9,933",N
,"7,367",NO
,"7,967",N
,"8,45",N
,"7,3",N
,"4,9",N
,"5,683",N
,"3,45",NE
,3,NE
,"4,65",N
,"5,217",N
,"5,55",N
,"5,817",N
,"6,45",N
,"6,283",N
,"7,183",N
,"7,983",N
,"8,317",N
,"8,65",N
,"8,883",N
,"8,567",N
,"8,333",N
,"9,85",NE
,"11,067",NE
,"10,583",NE
,"9,7",NE
,"9,433",NE
,"8,233",NE
,"8,733",NE
,"8,283",NE
,"7,25",NE
,"6,433",NE
,"6,733",NE
,6,NE
,"5,183",NE
,"6,483",NE
,"7,583",NE
,"6,817",N
,"6,5",N
,"5,833",N
,"5,05",N
,"3,95",N
,"4,667",N
,"6,45",N
,"7,233",N
,"6,5",N
,"4,033",N
,"5,267",NO
,"5,033",NO
,"6,667",NO
,6,NO
,"4,933",NO
,"4,183",N
,"4,85",N
,"6,1",N
,"4,75",N
,"4,917",N
,"4,367",N
,"4,55",N
,"3,533",NO
,"3,583",NO
,"4,183",NO
,"4,933",N
,"4,117",N
,"3,733",NE
,"3,817",NE
,"3,017",NO
,"4,1",NO
,"3,967",NO
,"4,533",NO
,"5,7",NO
,"5,65",NO
,"5,633",NO
,"5,55",NO
,"4,15",NO
,"3,933",NO
,"3,967",NO
,"4,733",N
,"3,617",N
,"3,8",N
,"4,467",N
,"4,117",NE
,"4,167",NE
,"3,917",N
,"3,4",NE
,"3,417",NE
,"3,167",NE
,"2,817",NE
,"2,95",N
,3,NE
,"3,5",N
,"4,617",NE
,"3,8",NE
,"3,717",NE
,"3,483",NE
,"3,3",NE
,"3,283",NE
,"3,317",NE
,"3,4",NE
,"3,433",NE
,"3,25",NE
,"3,033",E
,"3,417",E
,"3,283",NE
,"3,667",NE
,"3,017",NO
,"3,717",NO
,"4,383",NO
,"5,267",NO
,"4,917",N
,"4,467",N
,"5,417",NE
,"4,767",NE
,"4,433",NE
,"5,167",NE
,"5,067",NE
,"4,867",NE
,"4,5",NE
,"4,117",N
,4,N
,"4,717",N
,"5,083",N
,"4,45",NE
,"3,5",NO
,"5,3",O
,"5,4",O
,"6,917",O
,"7,233",O
,"7,3",O
,"6,35",O
,"6,417",O
,"6,45",O
,"6,75",O
,"6,917",O
,"5,833",O
,"4,417",NO
,"4,35",O
,"6,783",NO
,"6,667",NO
,"7,4",NO
,"8,483",NO
,"5,883",NO
,"6,133",NO
,"7,533",O
,"8,183",O
,"7,233",O
,"7,733",O
,"8,2",O
,"9,1",O
,"9,533",O
,"9,083",NO
,"7,133",NO
,"5,783",NO
,"4,8",N
,"2,8",N
,"4,017",N
,"3,9",NE
,"4,717",NE
,"4,367",NE
,"4,6",NE
,"4,133",NE
,"4,517",E
,"3,617",E
,"3,933",E
,"3,55",E
,"3,417",E
,3,O
,"3,3",O
,"4,167",O
,"3,6",O
,"3,6",O
,"3,6",NO
,"3,3",SE
,"3,033",SE
,"4,517",S
,"4,717",SO
,"4,2",SO
,"4,867",SO
,"3,7",SO
,"3,233",SO
,"3,617",S
,"5,433",SE
,"6,583",SE
,"7,617",SE
,"7,533",S
,"6,517",S
,"6,067",S
,"6,317",S
,"6,5",S
,"4,9",S
,"4,167",S
,"5,05",S
,"5,683",S
,"5,7",S
,"5,933",S
,"6,4",S
,"6,4",S
,"5,967",S
,"6,867",S
,"7,383",S
,"6,517",SO
,"4,95",SO
,"4,05",SO
,"4,883",S
,"4,467",S
,"4,467",SE
,"5,567",SE
,"7,167",SE
,"8,083",S
,"9,15",S
,"9,417",S
,"8,717",S
,"7,717",S
,8,S
,"9,217",S
,"8,633",S
,"8,517",S
,"7,717",S
,"6,033",S
,"3,967",SO
,"3,783",SO
,"4,45",S
,"6,183",S
,"6,383",SO
,"6,367",SO
,"6,917",SO
,"7,9",SO
,"7,183",SO
,"5,75",SO
,"6,35",SO
,"5,867",SO
,"5,483",SO
,"4,733",SO
,"4,4",SO
,"4,267",SO
,"5,283",SO
,"5,1",SO
,"3,817",SO
,"4,217",S
,"4,217",SO
,"4,733",O
,"3,7",O
,"4,05",NO
,"4,667",N
,"3,55",N
,4,NE
,"3,783",NE
,"2,433",NE
,"3,333",NE
,"3,667",NE
,"3,35",NE
,"5,167",E
,"6,367",E
,"5,833",E
,"5,383",E
,"4,717",E
,6,E
,"4,267",E
,"4,783",E
,"3,65",E
,"3,433",E
,"3,45",E
,"3,717",E
,"3,933",E
,"4,583",E
,"4,333",E
,"3,7",NE
,"3,383",E
,"3,467",E
,"6,483",E
,"9,55",E
,"9,817",E
,"8,867",E
,"9,75",E
,"9,733",E
,"9,617",E
,"9,567",E
,"9,683",E
,"9,417",E
,"8,783",E
,"7,567",E
,"5,083",E
,"3,967",E
,"3,35",E
,"3,85",E
,"3,667",E
,"3,333",E
,"3,2",E
,"2,967",O
,"4,533",O
,"2,867",E
,"4,133",E
,"8,3",E
,"9,3",E
,"10,7",E
,"10,383",E
,"9,983",E
,"9,217",E
,"8,85",E
,"9,75",E
,"10,083",E
,"7,383",E
,"5,1",E
,"3,567",SE
,"3,367",SE
,"4,017",S
,"4,217",S
,"5,85",S
,"6,35",S
,"5,05",SE
,"3,567",S
,"4,75",SO
,"5,967",S
,"6,617",SE
,"4,567",SE
,"4,167",S
,"4,7",SE
,"3,767",SE
,"3,95",SE
,"4,717",SE
,"4,433",SE
,"5,65",SE
,"7,233",SE
,"6,4",S
,8,S
,"7,467",SE
,"7,083",SE
,"7,417",SE
,"7,267",SE
,"7,55",SE
,"8,3",SE
,"9,417",S
,"9,55",S
,"8,733",S
,"8,833",SE
,"9,833",SE
,"10,6",SE
,"10,617",SE
,"11,15",SE
,11,SE
,"9,783",S
,"9,85",S
,"7,883",S
,"7,067",SO
,"7,033",SO
,"6,75",SO
,"6,483",S
,"6,9",S
,"6,533",S
,"8,783",S
,"10,383",S
,"10,967",S
,"9,467",SO
,"9,85",SO
,"10,55",SO
,"7,683",SO
,"8,017",SO
,"6,333",SO
,"7,4",S
,"7,617",S
,"6,583",S
,"6,433",S
,"6,967",S
,"7,933",SE
,"7,5",SE
,"6,55",SE
,"6,917",SE
,"7,067",SE
,"6,783",SE
,"7,933",SE
,"9,183",SE
,"9,683",SE
,"8,983",SE
,"8,867",SE
,"9,633",SE
,"9,483",SE
,"9,55",SE
,"10,317",SE
,"9,2",SE
,"9,283",SE
,"7,633",SE
,"6,283",SE
,"6,733",S
,"7,117",S
,"5,833",O
,"3,583",NO
,"4,05",SE
,"3,567",S
,"3,383",S
,"4,317",SO
,"5,167",SO
,"6,1",SO
,"5,95",SO
,"7,633",SO
,"5,333",SO
,"5,917",SO
,"8,017",SO
,"8,383",SO
,"7,617",SO
,"8,333",SO
,"7,5",SO
,"8,033",SO
,"6,883",SO
,"5,567",SO
,"4,583",SO
,"3,767",SO
,"4,267",SE
,"3,95",SE
,"4,267",SE
,"5,45",SE
,"5,383",SE
,"5,983",SE
,"7,1",E
,"7,983",E
,"7,767",E
,"7,45",E
,"6,533",E
,"8,267",SE
,"9,15",E
,"9,183",SE
,"9,867",E
,"9,233",E
,"8,733",E
,"9,767",E
,"8,767",E
,"10,483",E
,"10,417",E
,"9,983",E
,"9,1",E
,"7,483",SE
,"6,133",SE
,"7,383",S
,"6,35",SE
,"7,267",S
,"5,05",S
,"5,133",S
,"3,683",SO
,"4,883",S
,"5,433",S
,"6,283",S
,"5,117",SO
,"4,783",SO
,"4,5",O
,"3,833",O
,"4,55",SO
,"4,25",SO
,"5,35",S
,"6,867",O
,"6,75",O
,"5,85",O
,"5,233",O
,"5,117",SO
,"4,45",SO
,"3,6",SO
,"4,183",O
,"5,167",O
,"5,417",O
,"5,8",O
,"6,517",O
,"6,083",O
,"6,15",O
,"6,567",O
,"6,6",O
,"5,733",O
,"5,333",SO
,"5,783",SO
,"6,55",SO
,"7,05",SO
,"7,25",SO
,"7,467",SO
,"6,683",SO
,"7,733",SO
,"8,167",O
,"9,067",SO
,"8,833",O
,"8,5",SO
,"8,717",SO
,"8,367",SO
,"8,25",SO
,"8,033",SO
,"8,1",SO
,"8,8",SO
,"8,133",SO
,"6,65",SO
,"4,867",SO
,"6,267",S
,"5,683",S
,"6,183",S
,"6,533",S
,"7,333",S
,"7,483",S
,"9,083",S
,"9,567",S
,"10,433",S
,"10,283",SO
,"9,667",SO
,"8,917",SO
,"8,05",SO
,"8,633",SO
,"8,117",O
,"8,783",O
,"8,867",SO
,"9,483",O
,"10,3",O
,"12,133",O
,"12,6",O
,"11,833",O
,"12,033",O
,"11,65",O
,"10,483",O
,"10,183",O
,"8,3",O
,"7,45",O
,"7,867",O
,"8,433",O
,"7,283",O
,"8,267",SO
,"7,617",SO
,"7,383",SO
,"7,433",SO
,"7,517",SO
,"7,9",SO
,"7,2",SO
,"7,517",O
,"8,283",O
,"7,667",NO
,"8,85",NO
,"10,15",NO
,"11,05",NO
,"9,483",NO
,"9,433",NO
,"9,533",NO
,"8,817",NO
,"7,783",NO
,"8,3",NO
,"9,033",NO
,"9,117",NO
,"8,167",NO
,"8,317",NO
,"7,317",NO
,"6,55",NO
,"5,283",NO
,"4,45",NO
,"3,717",NO
,"5,117",NO
,"5,267",NO
,"4,35",NO
,"3,667",NO
,"2,583",N
,"3,783",NO
,"4,033",NO
,"3,167",NO
,"3,633",NO
,"3,367",NO
,"3,383",NO
,"4,05",NE
,"3,933",NE
,"4,25",E
,"7,117",E
,"7,717",E
,"7,35",E
,"7,483",E
,"7,45",E
,"7,25",E
,8,E
,"6,867",E
,"7,9",E
,"9,317",E
,"9,567",E
,"8,5",E
,"9,367",E
,"8,95",E
,"9,317",E
,"9,117",E
,"8,783",E
,"9,217",E
,"7,9",E
,"9,467",E
,"10,667",E
,"9,25",E
,"10,35",E
,"10,617",E
,"10,25",E
,"8,417",E
,"7,783",E
,"7,3",E
,"7,567",E
,"7,967",E
,"8,267",SE
,"8,933",SE
,"8,85",SE
,"9,083",SE
,"9,45",SE
,"11,733",SE
,"12,983",S
,"11,383",S
,"9,933",S
,"9,533",S
,"9,267",S
,"9,083",S
,"8,6",S
,"7,25",S
,"5,983",S
,"6,517",SE
,"6,767",SE
,"7,7",SE
,"6,9",SE
,"7,15",SE
,"8,467",SE
,"8,7",SE
,"8,15",SE
,"8,567",SE
,"8,25",SE
,"7,133",SE
,"6,65",S
,"8,533",S
,"8,15",S
,"7,4",S
,"7,233",S
,"7,533",S
,"7,6",S
,"5,767",S
,"4,517",S
,"3,3",SO
,"4,05",NE
,"3,5",NE
,"3,667",O
,"4,167",SO
,"5,033",S
,4,SO
,"4,5",O
,"4,1",NO
,"5,917",NO
,"8,35",NO
,"9,483",N
,"7,617",NE
,"7,717",N
,"7,433",N
,"5,2",NE
,"5,333",N
,"5,683",N
,"5,5",N
,"6,217",N
,"4,7",N
,"4,733",N
,"4,333",NE
,"3,617",NE
,"4,567",O
,"4,667",O
,"4,75",O
,4,O
,"3,467",NO
,"4,3",SE
,"5,483",SE
,"5,567",SE
,"6,567",S
,"6,183",S
,"5,533",S
,"6,517",S
,"7,683",S
,"7,467",SO
,"7,483",SO
,"8,017",SO
,"6,55",SO
,"7,217",SO
,"7,517",SO
,"7,317",SO
,"6,717",SO
,"6,667",SO
,"8,583",O
,"8,367",O
,"6,733",O
,"6,133",O
,"7,283",O
,"6,067",O
,"6,2",O
,"7,4",O
,"8,4",O
,"8,283",O
,"8,267",O
,"7,783",O
,"7,883",O
,"9,15",O
,"9,617",O
,"8,55",O
,"8,883",O
,"9,883",O
,"10,217",O
,"10,167",O
,"9,55",O
,"10,233",O
,"10,05",O
,"10,567",O
,"10,4",O
,"10,383",NO
,"9,55",NO
,"9,5",NO
,"8,3",NO
,"8,967",NO
,"9,167",O
,"10,483",NO
,"11,65",NO
,"10,8",NO
,"10,65",NO
,"10,383",N
,"9,583",N
,"9,733",N
,"10,033",NO
,"11,683",NO
,"13,333",N
,"10,1",NO
,"9,5",N
,"9,05",N
,"10,5",N
,"11,333",N
,"11,417",N
,"12,5",N
,"12,283",N
,"11,367",N
,"11,083",N
,"10,183",N
,"11,217",N
,"11,667",N
,"9,883",N
,"11,317",N
,"11,7",N
,"10,717",N
,"11,067",N
,"10,567",N
,"9,533",NE
,"9,317",N
,"10,317",N
,"10,283",N
,"9,45",N
,"9,75",N
,"9,317",N
,"8,467",N
,"7,4",N
,"7,683",N
,"8,7",N
,"5,717",N
,"6,033",N
,"7,233",N
,"8,7",N
,"9,85",N
,"9,483",NO
,"10,2",NO
,"9,85",NO
,"9,683",NO
,"10,167",NO
,"10,283",NO
,"10,217",NO
,"9,217",NO
,"8,383",NO
,"6,767",NO
,"5,917",NO
,"5,917",NO
,"6,55",NO
,"8,033",NO
,"9,383",NO
,"9,55",NO
,"9,033",NO
,"8,717",NO
,"9,233",NO
,"6,983",N
,"6,583",N
,"7,733",N
,"7,083",N
,"6,15",N
,"6,833",N
,"7,917",N
,"8,8",N
,"8,5",N
,9,N
,"8,483",N
,"7,375",NE
,"5,017",O
,"5,783",O
,"5,467",O
,"5,467",O
,"7,617",O
,"6,517",O
,"7,05",O
,"6,833",O
,"6,817",O
,"6,383",O
,"6,85",O
,"5,883",O
,"5,433",O
,"5,367",O
,"1,383",O
,"3,717",SO
,"3,317",O
,"5,617",O
,"4,283",NO
,"5,517",N
,"4,883",N
,"4,05",E
,"5,117",E
,"3,167",NE
,"6,15",N
,"8,25",N
,"7,833",NE
,"7,3",N
,"8,55",N
,"7,2",N
,"7,317",N
,"7,733",N
,"7,567",N
,"7,4",N
,"8,25",N
,"9,517",N
,"10,083",N
,"8,017",N
,"7,217",N
,"7,35",N
,"7,167",N
,"8,1",NO
,"7,983",NO
,"9,2",NO
,"10,35",NO
,"10,717",NO
,"11,233",NO
,"11,167",NO
,"11,483",NO
,"11,35",NO
,"10,333",NO
,"8,967",NO
,"6,417",N
,"4,217",N
,"2,717",N
,"3,517",S
,"6,5",SE
,"6,083",SE
,"5,283",SE
,"7,3",S
,"8,233",S
,"8,533",S
,"9,717",S
,"9,95",S
,"9,733",S
,"10,183",S
,"8,717",S
,"7,833",SO
,"8,8",SO
,"8,717",SO
,"8,367",SO
,"8,483",SO
,"9,033",SO
,"9,3",S
,"11,45",S
,"12,7",SO
,"12,117",SO
,"10,4",O
,"9,033",O
,"8,95",O
,"7,717",O
,"8,217",O
,"7,083",O
,"6,4",O
,"5,6",O
,"5,9",O
,"6,45",SO
,"8,183",SO
,"8,8",SO
,"9,217",SO
,"9,217",SO
,"9,067",SO
,"8,35",SO
,"7,45",SO
,"7,85",SO
,"7,817",SO
,"7,5",SO
,"7,533",SO
,"8,567",SO
,"7,95",SO
,"8,283",SO
,"7,617",SO
,"7,05",SO
,"7,667",SO
,"8,683",O
,"7,583",SO
,"6,283",SO
,"6,533",O
,"8,55",O
,"10,9",O
,"10,617",O
,"9,983",O
,"10,533",O
,"10,733",O
,"10,95",O
,"10,917",O
,"9,567",O
,"10,033",O
,"8,05",O
,"9,2",O
,"5,6",O
,"9,417",O
,"8,967",O
,"9,567",O
,"9,9",O
,"9,883",O
,"10,35",NO
,"9,567",O
,"10,617",O
,"9,833",NO
,9,NO
,"8,95",NO
,"9,2",NO
,"8,417",NO
,"7,467",NO
,"6,95",NO
,"6,883",O
,"8,133",O
,"5,817",O
,"5,033",O
,"5,2",O
,"4,167",O
,"3,517",O
,"2,7",O
,"4,8",E
,"5,7",E
,"4,317",E
,"3,533",E
,"3,467",E
,"3,4",E
,"3,3",S
,"4,333",O
,"4,633",O
,"4,517",O
,"4,3",O
,"3,717",O
,"4,667",E
,"7,45",E
,"8,833",SE
,"9,583",SE
,"8,55",SE
,"6,883",SE
,"5,85",SE
,"5,583",SE
,"6,6",SE
,"6,6",SE
,"7,433",SE
,"9,8",S
,"9,583",S
,"9,25",S
,8,S
,"7,483",S
,"6,85",SO
,"7,583",SO
,"6,65",SO
,"6,033",SO
,"5,3",SO
,"6,317",SO
,"6,867",SO
,"4,617",SO
,"5,733",SO
,"4,533",SO
,"5,017",SO
,"5,767",SO
,"5,767",S
,"5,2",S
,"5,067",S
,"5,967",S
,"6,133",S
,"7,6",S
,"5,817",S
,"5,117",S
,"5,633",S
,"5,25",SE
,6,SE
,"5,1",SE
,"7,067",S
,"7,6",SO
,"5,517",SO
,"5,3",S
,"4,7",S
,"4,233",S
,"4,567",SO
,"5,667",SO
,"5,367",SO
,"4,917",SO
,"3,867",S
,"3,75",S
,"4,733",S
,"4,35",S
,"4,933",S
,"5,817",SO
,"6,417",SO
,"7,767",S
,"8,317",SO
,"8,967",SO
,"8,367",SO
,"8,25",SO
,"8,667",SO
,"7,9",SO
,"7,117",SO
,"6,417",S
,"5,85",S
,"6,283",S
,"4,1",S
,"6,267",S
,"6,7",SE
,"6,85",SE
,"6,983",SE
,"4,367",SE
,"2,933",NE
,"3,483",N
,"4,25",NO
,"4,6",NO
,"5,583",NO
,"4,833",NO
,"7,717",O
,"8,483",O
,8,O
,"8,95",O
,"8,95",O
,"8,117",O
,"7,467",O
,"6,15",SO
,"5,9",SO
,"6,15",SO
,"6,117",SO
,"4,933",S
,"8,75",SO
,"8,967",SO
,"8,817",SO
,"8,317",SO
,"7,7",SO
,"6,083",SO
,"5,767",SO
,"5,583",SO
,"7,25",S
,"9,333",SO
,"9,583",SO
,"10,083",SO
,"7,75",SO
,"8,283",S
,"8,5",S
,"9,883",SO
,"10,433",SO
,"9,633",SO
,"9,767",SO
,"9,85",SO
,"9,117",SO
,"9,65",O
,"8,417",O
,"5,167",O
,"7,3",O
,"6,983",O
,"7,1",O
,"6,817",O
,"5,733",O
,"5,35",SO
,"5,15",SO
,"5,017",SO
,"4,883",SO
,"5,417",SO
,"5,533",SO
,"5,483",SO
,"5,733",SO
,"5,2",SO
,"4,883",SO
,"4,75",O
,"4,417",O
,"4,983",O
,4,O
,"3,267",SO
,"2,617",S
,"4,8",S
,"4,367",S
,"5,3",S
,"4,683",S
,"6,433",S
,6,SE
,"6,333",SE
,"7,45",SE
,"6,667",S
,"7,117",S
,"6,8",S
,"3,983",O
,"3,733",O
,"4,2",O
,"4,967",O
,"4,467",O
,"4,283",O
,"4,433",O
,"3,183",SO
,"5,983",O
,"5,267",O
,"5,533",O
,"4,417",O
,"3,95",SO
,"3,35",SO
,"3,867",O
,"3,383",NO
,4,NO
,"4,467",NO
,"5,1",N
,"5,1",N
,"4,7",NE
,"5,733",N
,"5,717",NE
,"2,25",NE
,"3,467",E
,"5,433",E
,"4,633",E
,"4,933",E
,"6,483",E
,"9,05",E
,"8,983",E
,"7,75",E
,"5,8",E
,"4,5",SE
,"3,717",SE
,"5,067",S
,"4,783",SE
,"4,883",S
,"6,267",S
,"7,733",S
,"8,217",S
,"7,917",S
,"7,633",S
,"6,9",S
,"7,017",S
,"5,533",S
,"3,6",S
,"3,583",SO
,"2,933",O
,"3,267",O
,"4,217",SO
,"3,617",O
,"3,267",N
,"3,367",N
,"4,717",NO
,"4,717",N
,"7,75",N
,"7,517",N
,"6,667",N
,"7,1",N
,"6,717",N
,"4,133",NE
,"3,017",E
,"3,117",E
,"2,167",E
,"4,383",O
,"3,9",O
,"9,567",O
,"14,1",NO
,"10,133",NO
,"4,933",NO
,"5,15",NO
,"2,85",NO
,"4,6",S
,"7,483",S
,"8,667",S
,"9,3",SO
,"10,633",SO
,"10,017",SO
,"11,217",SO
,"10,867",SO
,"12,217",SO
,"12,717",SO
,"11,667",SO
,"11,767",SO
,"12,05",O
,"12,8",O
,"12,433",O
,"11,517",O
,"10,733",O
,"9,767",O
,"9,45",O
,"5,367",O
,"7,933",O
,"8,367",O
,"8,4",NO
,"8,767",NO
,"9,367",NO
,"9,117",NO
,"8,283",NO
,"7,233",NO
,"7,117",O
,"7,05",NO
,"6,767",NO
,"7,05",NO
,"7,483",NO
,"6,95",NO
,"7,717",NO
,"7,95",NO
,"8,117",NO
,"7,617",NO
,"8,65",NO
,"8,367",N
,"9,983",N
,"9,217",N
,"7,867",N
,"5,5",N
,"7,967",N
,"7,35",N
,"7,183",N
,"7,767",N
,"6,217",NE
,"7,717",N
,"8,383",N
,7,N
,"7,25",N
,"4,9",NE
,"5,45",NE
,"6,217",N
,"6,8",N
,"5,6",N
,"6,833",NO
,"8,267",NO
,"8,967",NO
,"9,233",NO
,"9,2",NO
,"9,883",NO
,"9,45",NO
,"7,95",NO
,"6,217",NO
,"3,017",NO
,"3,317",N
,"6,017",NO
,"7,35",NO
,"7,417",NO
,"7,633",NO
,"5,883",NO
,"4,467",N
,"5,2",NO
,5,NO
,5,NO
,"4,283",NO
,"5,767",NO
,"6,45",NO
,"5,733",O
,"6,05",O
,"7,617",NO
,"8,167",NO
,"8,367",NO
,"9,283",NO
,"8,6",NO
,"8,883",NO
,"7,05",NO
,"7,767",NO
,"8,933",NO
,"9,8",NO
,"9,05",NO
,"6,933",NO
,"7,65",NO
,"7,467",NO
,"8,1",NO
,"7,583",NO
,"8,25",NO
,"8,1",NO
,"7,883",NO
,"6,2",NO
,"5,983",NO
,"7,167",O
,"7,667",O
,"7,833",O
,"8,217",NO
,"8,267",NO
,"7,533",NO
,"7,367",NO
,"7,783",NO
,"8,733",N
,"7,317",NE
,"5,35",NE
,"4,233",NE
,"3,65",NE
,"3,733",NE
,"4,433",NE
,"3,7",NE
,"3,517",NE
,"2,9",NE
,"3,95",NO
,"4,017",NO
,"6,05",NO
,"6,95",NO
,"8,683",NO
,"9,167",NO
,"9,217",NO
,"8,7",NO
,"8,717",NO
,"9,067",N
,"8,167",NE
,"7,567",NE
,"7,45",NE
,"6,283",NE
,"6,633",NE
,"6,983",NE
,"6,517",NE
,"7,417",NE
,"6,017",NE
,5,NE
,"5,133",NE
,"4,35",NE
,"4,317",NE
,"4,883",NE
,"4,55",NE
,"4,283",NE
,"4,65",NE
,"3,933",NE
,"4,283",NE
,"5,567",NE
,"7,367",NE
,"6,917",NE
,"6,967",NE
,"6,95",NE
,"5,767",NE
,"8,433",NE
,"7,983",NE
,"8,117",NE
,"6,85",NE
,"5,717",NE
,"7,067",NE
,"7,883",NE
,"4,683",NE
,"3,283",NE
,"3,883",NE
,"4,717",NE
,"6,533",NE
,"6,533",NE
,"6,067",NE
,"5,667",NE
,"5,817",NE
,"6,45",NE
,6,NE
,"6,4",NE
,"5,467",NE
,"4,233",NE
,"5,133",NE
,"7,817",NE
,"5,317",NE
,"8,2",NE
,"7,717",NE
,"7,533",NE
,"4,717",NE
,"5,167",NE
,"5,3",NE
,5,NE
,"5,883",NE
,"6,183",NE
,"6,633",E
,"8,033",E
,"9,733",E
,"9,983",E
,"9,233",E
,"9,717",E
,"10,167",E
,"9,9",E
,"9,567",E
,"9,817",E
,"8,383",E
,"7,683",NE
,"8,15",NE
,"9,483",NE
,"4,767",NE
,"6,217",E
,"6,583",E
,"6,667",E
,"6,667",E
,"6,817",E
,"6,45",E
,"7,5",E
,"7,833",E
,"5,9",E
,"6,467",E
,"6,6",E
,"6,717",E
,"8,617",E
,"7,5",E
,"7,967",E
,"7,383",E
,"4,983",E
,"3,9",E
,"3,417",NE
,"3,483",E
,"4,167",E
,"3,983",E
,"3,367",E
,"2,45",E
,"3,433",E
,"4,333",E
,"3,633",E
,"2,533",NE
,"3,083",E
,"3,933",E
,"4,467",E
,"3,667",E
,"3,383",SE
,"5,033",S
,"3,35",SO
,"3,983",NO
,"4,517",NO
,"4,6",NO
,"5,15",NO
,"5,367",NO
,"3,267",NO
,"4,65",O
,"4,3",O
,"5,117",O
,"6,05",O
,"6,8",SO
,"6,433",SO
,"8,667",O
,"7,683",O
,"7,65",O
,"7,167",O
,"7,833",O
,"6,85",O
,"6,917",O
,"6,883",O
,"7,483",O
,"7,35",O
,"7,25",O
,"7,133",O
,"7,033",O
,"5,733",SO
,"5,167",SO
,"4,183",SO
,"4,417",SO
,"2,733",S
,"4,9",SO
,"4,317",SO
,"4,517",SO
,"2,917",O
,"6,933",NO
,"6,317",NO
,"6,117",NO
,"5,4",NO
,"5,183",N
,"3,95",NE
,"3,317",NE
,"4,35",O
,"3,983",O
,"3,717",O
,"3,783",SO
,"4,083",SO
,"4,283",SO
,"3,1",SO
,"4,2",SO
,"3,55",SO
,"3,8",N
,"2,783",N
,"4,65",NO
,"5,133",NO
,"6,333",NO
,"6,25",NO
,"8,967",NO
,"8,817",NO
,"8,867",NO
,"6,667",N
,"7,933",N
,"5,533",N
,"7,633",NE
,"7,05",NE
,"7,933",NE
,"7,767",N
,"6,583",NE
,"4,767",NE
,"5,483",NE
,"5,783",NE
,"4,8",NE
,"4,633",NE
,"4,9",N
,"4,3",N
,"5,5",NO
,"6,583",NO
,"7,867",NO
,"7,033",NO
,"6,683",NO
,"7,317",NO
,"6,467",NO
,"6,35",NO
,"6,2",NO
,"5,317",NO
,"3,2",E
,"3,283",E
,"3,15",E
,"3,6",E
,"2,783",E
,"6,067",E
,"5,8",E
,"3,5",SE
,"3,283",SO
,"4,183",SO
,"5,633",SO
,"6,633",O
,7,O
,"7,117",O
,"7,217",SO
,"6,433",SO
,"7,4",SO
,"7,567",O
,"6,683",SO
,"6,267",SO
,"6,25",SO
,"4,85",SO
,"5,667",SO
,"6,267",SO
,"6,083",SO
,"6,433",SO
,"6,117",SO
,"6,533",SO
,"6,133",SO
,"6,517",SO
,"8,183",SO
,"9,017",SO
,"9,8",SO
,"10,25",SO
,"8,917",SO
,"8,517",S
,"8,883",S
,"8,55",S
,"8,2",SO
,"7,45",S
,"7,067",S
,"6,5",S
,"5,8",S
,"5,517",S
,"6,217",S
,"5,533",S
,"6,917",S
,"6,167",SO
,"5,65",SO
,"5,367",SO
,"4,917",SO
,"5,7",SO
,"5,733",SO
,"6,617",SO
,"6,883",SO
,"8,367",SO
,"9,033",SO
,"9,117",SO
,9,SO
,"9,017",SO
,"9,067",SO
,"9,133",SO
,"8,817",SO
,"9,083",SO
,"8,333",SO
,"7,85",O
,"7,9",SO
,"7,383",SO
,"6,617",SO
,"5,95",SO
,"7,017",SO
,"6,633",SO
,"7,083",SO
,"6,95",SO
,"7,25",SO
,"7,233",SO
,"7,467",SO
,"6,967",SO
,"7,567",SO
,"8,433",SO
,"8,95",SO
,"9,7",SO
,"9,85",SO
,"9,683",SO
,"10,517",SO
,"10,833",SO
,"10,667",SO
,"10,2",SO
,"10,033",SO
,"9,4",SO
,"9,95",O
,"9,917",SO
,"9,367",SO
,"7,967",SO
,"9,967",SO
,"10,967",SO
,"10,583",SO
,"10,05",SO
,"8,7",SO
,"9,183",SO
,"9,217",SO
,"8,967",SO
,"10,583",SO
,"8,183",SO
,"9,95",SO
,"10,2",SO
,"11,367",SO
,"11,867",SO
,"11,7",SO
,"10,6",O
,"10,433",O
,"11,283",O
,"11,183",O
,"11,233",O
,"11,183",O
,"9,783",O
,"7,8",O
,"6,483",O
,"6,633",O
,"7,217",O
,"7,033",O
,"6,883",O
,"6,7",O
,"6,433",O
,"7,183",O
,"7,967",O
,"7,017",O
,"7,283",O
,"7,233",O
,"7,25",O
,"8,15",O
,"8,017",O
,"6,883",O
,"7,883",O
,"7,783",O
,"7,25",O
,"7,117",SO
,"6,817",SO
,"6,483",SO
,"6,1",SO
,"6,05",SO
,"5,05",SO
,"5,683",SO
,"6,067",SO
,"6,967",SO
,"7,2",SO
,"7,467",SO
,"7,5",SO
,"6,967",SO
,"6,517",SO
,"7,85",SO
,"8,133",SO
,"7,45",SO
,"6,917",SO
,"6,65",SO
,"6,183",SO
,"5,983",SO
,"5,717",O
,"5,117",O
,"4,633",O
,"3,733",O
,"4,367",E
,"8,8",E
,"7,75",E
,"6,467",E
,"6,917",E
,"4,583",E
,"3,2",E
,"5,183",SE
,"5,683",SE
,"6,1",SE
,"6,483",SE
,"4,983",SE
,"3,433",SO
,"1,4",NO
,"5,367",SO
,"5,05",SO
,"4,633",S
,"5,55",SO
,"8,15",SO
,"6,667",O
,"4,383",NO
,"4,2",O
,"3,933",NO
,"3,633",NO
,"2,65",NO
,"3,95",NO
,"4,433",NO
,"3,183",NO
,"4,267",NE
,"3,45",NE
,"7,267",E
,"8,183",SE
,"8,983",SE
,"8,95",SE
,"9,117",SE
,"8,05",SE
,"8,317",SE
,"7,65",SE
,"7,333",SE
,"8,433",S
,"9,983",S
,"8,983",S
,"8,917",S
,"8,833",S
,"7,783",S
,"7,233",S
,"5,883",SO
,"5,55",O
,"3,567",O
,"5,233",O
,"5,683",NO
,"5,8",NO
,"5,667",O
,"6,933",O
,"9,433",O
,"7,833",O
,"8,15",O
,"9,317",O
,"9,117",O
,"6,617",O
,"8,133",O
,"8,967",O
,"8,5",O
,"7,35",O
,"7,183",O
,"6,467",O
,"5,817",O
,"4,883",O
,"5,083",O
,"5,867",NO
,"6,683",NO
,"6,517",NO
,"6,417",NO
,"6,4",NO
,"6,317",NO
,"6,25",NO
,6,NO
,"5,2",NO
,"5,35",N
,"6,667",NE
,"6,35",NE
,"5,817",NE
,"5,867",NE
,"5,867",NE
,"5,7",NE
,"5,8",NE
,"6,067",NE
,"6,5",N
,"8,017",N
,"6,25",NE
,"5,1",NE
,"5,067",N
,"4,833",NE
,"4,417",NE
,"4,467",NE
,"2,883",NE
,"5,233",N
,"4,45",N
,"4,667",NO
,"5,083",NO
,"5,35",NO
,"7,45",NO
,"6,75",NO
,"5,883",NO
,"5,567",O
,"6,217",O
,"4,367",NO
,"4,6",N
,"3,133",N
,"4,583",N
,"4,867",NO
,"3,917",NO
,"4,65",O
,"6,233",O
,"5,217",NO
,"5,617",O
,"6,783",O
,"7,367",O
,"6,95",O
,"7,333",O
,"7,217",O
,"6,817",NO
,"6,533",NO
,"5,817",NO
,"3,967",NO
,"4,167",NO
,"3,633",O
,"4,3",O
,"4,9",O
,"4,517",NO
,"3,933",O
,"3,533",NO
,"4,467",O
,"4,783",O
,"5,4",NO
,"5,467",NO
,"6,05",NO
,"7,033",NO
,"7,533",NO
,"7,65",NO
,"8,017",NO
,"8,133",NO
,"7,383",NO
,"5,9",NO
,"6,417",NO
,"6,35",NO
,"6,05",NO
,"5,183",N
,"4,7",N
,"3,75",N
,"3,817",NO
,"6,433",NO
,"6,817",NO
,"6,433",NO
,"6,5",NO
,"6,533",NO
,"6,567",NO
,"6,117",NO
,"6,283",NO
,"6,383",NO
,"6,817",NO
,4,NO
,"4,283",N
,"3,35",N
,"3,4",NE
,"5,3",E
,"3,883",E
,"4,25",S
,"6,15",S
,"6,483",S
,"5,7",SO
,"6,367",O
,"5,533",O
,"5,117",NO
,"5,35",NO
,"5,8",NO
,"4,267",NO
,"5,517",N
,"5,167",N
,6,NO
,"3,083",N
,"4,833",N
,"7,683",NO
,"4,433",N
,"4,283",N
,"3,233",N
,"4,467",NO
,"5,017",NO
,"5,317",O
,"5,717",NO
,"7,883",NO
,"7,25",NO
,"8,217",O
,"8,667",O
,"9,133",O
,"9,283",O
,"8,8",O
,"8,667",O
,"9,533",O
,"9,717",O
,"9,483",O
,"9,967",O
,"9,467",O
,"8,817",O
,"5,567",O
,"7,9",O
,"7,383",O
,"7,517",O
,"7,1",O
,"6,233",O
,"6,9",O
,"6,4",O
,"6,483",O
,"7,383",O
,8,O
,"8,75",O
,"7,817",O
,"7,55",O
,"7,95",O
,"8,217",O
,"8,333",O
,"8,783",O
,"8,15",O
,"8,633",O
,"8,383",O
,"8,5",O
,"8,1",O
,"7,733",O
,"5,317",NO
,"8,05",NO
,"7,517",NO
,"7,583",NO
,"6,933",NO
,"5,983",NO
,"4,8",NO
,"4,05",NO
,"3,45",NO
,"3,533",NO
,"3,75",O
,"4,367",O
,"4,7",O
,"5,567",O
,"5,617",O
,"5,25",O
,"4,933",O
,"5,383",O
,"5,567",O
,"5,333",O
,"5,517",O
,"5,65",O
,"6,083",O
,"3,983",O
,"6,183",O
,"6,867",O
,"6,75",O
,"6,75",O
,"6,883",O
,"7,05",O
,"7,5",O
,"8,317",O
,"7,283",O
,"6,633",O
,"6,533",O
,"6,583",O
,"8,033",NO
,"6,867",NO
,"6,517",NO
,"6,267",O
,"7,667",O
,"7,717",NO
,"5,75",NO
,"5,917",O
,"5,567",NO
,"4,4",NO
,"3,5",NO
,"5,2",E
,"6,183",NE
,"5,8",NE
,"6,483",NE
,"6,917",NE
,"4,6",NE
,"3,767",NE
,"3,467",E
,"4,05",E
,"5,8",E
,"5,9",E
,"5,583",E
,"4,9",NE
,"5,183",NE
,5,NE
,"5,633",NE
,"5,783",E
,"5,183",NE
,"5,433",NE
,"4,5",NE
,"4,35",NE
,4,NE
,"3,9",NE
,"5,167",NE
,"6,467",E
,"8,1",E
,"6,4",E
,"4,817",E
,"4,7",E
,"4,35",NE
,"3,85",E
,"3,717",NE
,"5,283",E
,"6,883",E
,"7,25",E
,"9,583",E
,"9,233",E
,"8,083",E
,"6,767",E
,"7,667",E
,"7,65",NE
,"6,967",NE
,"6,667",NE
,"6,633",NE
,"5,233",NE
,"4,2",NE
,"4,8",NE
,"7,433",E
,"9,95",E
,"4,95",E
,"4,983",E
,"4,617",E
,"4,483",E
,"4,15",E
,"4,25",E
,"3,85",E
,"4,3",E
,"4,05",E
,"4,183",NE
,"5,283",E
,"5,567",NE
,"5,6",NE
,"6,217",NE
,"6,717",NE
,"6,917",NE
,"6,767",NE
,"7,517",NE
,"7,633",NE
,"5,983",NE
,"4,567",NE
,"5,767",NE
,"5,267",NE
,"2,933",NE
,"3,617",NE
,"6,233",NE
,"5,117",NE
,"5,133",NE
,"3,483",NE
,"3,917",NE
,"4,833",NE
,"3,15",NE
,"3,883",E
,"4,367",E
,"4,8",E
,"5,95",E
,"5,517",E
,"5,717",E
,"6,05",NE
,"5,633",NE
,"5,633",NE
,"5,467",NE
,"4,95",NE
,"4,833",NE
,"3,817",NE
,"3,65",NE
,"4,683",NE
,"3,8",NE
,"4,033",NE
,"4,1",NE
,"3,683",NE
,"3,383",NE
,"3,883",NE
,"3,8",NE
,"4,35",NE
,"3,65",E
,"4,417",E
,"4,833",E
,"4,633",E
,"5,233",NE
,"5,867",NE
,"5,7",NE
,"6,95",NE
,"6,383",NE
,"5,917",NE
,"5,683",NE
,"4,133",NE
,"4,617",NE
,"7,333",NE
,"6,967",NE
,"7,483",NE
,"4,35",NE
,"5,967",NE
,"5,067",NE
,"5,567",E
,"4,417",NE
,"3,667",NE
,"4,033",NE
,"3,5",NE
,"3,767",NE
,"4,967",E
,"4,833",E
,"5,1",NE
,"5,333",NE
,"5,733",NE
,"5,083",NE
,"4,867",NE
,"4,433",NE
,"4,05",NE
,"6,133",NO
,"8,033",NO
,"9,567",NO
,10,NO
,"9,333",NO
,"6,383",N
,"4,617",NE
,"7,283",NE
,"6,267",NE
,"5,967",NE
,"6,283",NE
,"6,817",NE
,"6,033",NE
,"5,617",NE
,"4,467",NE
,"3,717",NE
,"4,267",NE
,"4,05",NE
,"3,7",NE
,"4,683",N
,"4,667",NO
,"6,133",NO
,"7,017",NO
,"7,617",NO
,"7,45",NO
,"8,133",NO
,"8,4",NO
,"8,167",NO
,"7,85",NO
,"8,217",NO
,"3,9",N
,"6,25",NE
,"5,267",NE
,"5,283",NE
,"3,15",NE
,"3,95",NE
,"4,55",NE
,"5,083",N
,"3,6",N
,"4,367",NO
,"5,667",NO
,"6,433",NO
,"5,733",NO
,"4,833",NO
,"5,117",NO
,"5,45",NO
,"6,167",O
,"6,333",O
,"7,217",O
,"6,9",O
,"5,867",O
,"5,467",O
,"5,167",SO
,"3,717",SO
,"5,55",SO
,"6,4",SO
,"7,017",SO
,"7,5",S
,"7,65",S
,"8,05",S
,"8,567",S
,"9,45",S
,"10,233",S
,"10,45",SO
,"10,75",SO
,"10,817",SO
,"10,617",SO
,"11,317",S
,"10,467",SO
,"9,633",SO
,"8,783",SO
,"6,917",O
,"6,4",O
,6,O
,"5,683",SO
,"5,45",SO
,"4,6",SO
,"3,467",SO
,"4,317",SO
,"4,383",SO
,"4,083",O
,"3,367",O
,"4,117",O
,5,O
,"5,117",O
,"4,55",SO
,"5,2",O
,"5,067",O
,"5,75",SO
,"6,25",SO
,"4,55",O
,"4,017",O
,"3,967",O
,"4,217",O
,"3,9",O
,"3,417",O
,"3,567",N
,"4,083",N
,"4,783",N
,"5,367",N
,"5,95",N
,"5,817",NO
,"5,2",N
,"4,267",N
,"4,35",NE
,"3,9",NE
,"3,667",NE
,"4,25",NE
,"2,15",NE
,"3,817",NE
,"5,033",E
,"6,4",E
,"4,433",E
,"6,15",E
,"5,267",E
,"5,85",E
,"7,85",E
,"8,05",E
,"8,067",E
,"7,633",E
,"7,383",E
,"8,133",E
,"7,217",E
,"6,167",E
,"6,25",E
,"5,933",E
,"4,1",SE
,"3,217",NO
,"4,95",NO
,"6,25",NO
,"5,483",NO
,"4,95",N
,"2,267",NE
,"5,533",E
,"6,35",E
,"6,983",E
,"5,733",SE
,"4,167",SE
,"2,233",SO
,"5,3",O
,"6,35",O
,"5,45",O
,"4,633",O
,"5,733",O
,"6,35",O
,"6,45",O
,"6,083",O
,"5,15",O
,"5,083",O
,"5,95",O
,"5,8",O
,"5,25",O
,"3,467",O
,"4,2",O
,"4,133",N
,"3,967",NO
,"3,85",NO
,"3,033",NO
,"4,433",NO
,"6,067",NO
,"6,083",NO
,6,NO
,"5,9",NO
,"7,033",N
,"6,217",N
,"3,633",NE
,"5,45",NE
,"5,75",NE
,"6,167",N
,"6,8",N
,"6,117",NE
,"5,933",NE
,"4,95",NE
,"4,067",NE
,"4,05",NE
,"4,133",NE
,"5,2",N
,"4,083",NE
,"3,717",NE
,"5,217",N
,"8,9",NO
,"9,55",NO
,"10,117",NO
,"10,567",NO
,"10,417",NO
,"7,65",N
,"6,217",N
,"7,75",NE
,"8,533",NE
,"5,133",NE
,"6,617",NE
,"6,45",NE
,"6,6",NE
,"6,7",NE
,"5,617",NE
,"5,517",NE
,"4,083",NE
,"5,233",E
,"6,067",E
,"6,483",E
,"4,467",E
,"4,817",E
,"4,417",E
,"4,217",SE
,"5,833",SO
,"5,767",O
,"5,933",O
,"6,183",O
,"4,667",O
,"4,967",NO
,"5,033",N
,"5,25",NE
,"6,1",NE
,"2,983",NE
,"4,117",E
,"4,017",E
,"4,167",E
,6,E
,"6,817",E
,"7,617",E
,"6,983",E
,"5,083",E
,"5,25",E
,"4,683",E
,"2,433",SE
,"3,75",SO
,"4,25",SO
,"4,5",O
,"4,683",O
,"4,317",O
,"3,95",SO
,"4,217",SO
,"4,817",SO
,"4,683",SO
,"4,5",SO
,"4,367",S
,"3,517",S
,"5,067",S
,"4,433",SO
,"5,133",SO
,"4,433",SO
,"3,25",SO
,"5,567",SO
,5,O
,"5,633",O
,"3,283",O
,"3,167",SO
,"8,067",S
,"7,967",S
,"7,483",SO
,"8,033",SO
,"7,883",O
,"5,1",O
,"5,067",O
,"3,35",O
,"4,2",NO
,"1,967",NO
,"3,7",S
,"3,017",SO
,"3,917",NO
,"5,267",NO
,"4,533",NO
,"5,3",NO
,"6,717",NO
,"7,083",NO
,"7,433",NO
,"6,483",N
,"4,667",NE
,"5,75",NE
,"4,75",NE
,"4,417",NE
,"5,333",NE
,"6,067",N
,"9,167",NE
,3,NO
,"3,517",O
,"4,067",O
,"4,333",O
,"4,8",O
,"4,317",O
,"3,633",O
,"4,517",NO
,"4,283",NO
,"6,717",NO
,"4,333",N
,"5,783",NE
,"4,733",NE
,"5,617",E
,"5,967",E
,"5,817",NE
,"6,817",NE
,"7,283",E
,"6,5",E
,"4,733",E
,"5,417",E
,"6,1",E
,"4,183",SE
,"4,2",SE
,"6,2",SE
,"6,6",SE
,"7,383",S
,"8,35",S
,"7,35",S
,"5,883",S
,"5,467",SO
,"3,467",SO
,"4,633",E
,"6,167",E
,"7,183",E
,"3,367",S
,"6,6",E
,"5,617",SE
,"5,45",SE
,"5,633",S
,"7,05",SO
,"5,433",O
,"6,467",SO
,"5,933",O
,"6,75",O
,"6,75",O
,"6,1",O
,"4,35",NO
,"5,683",NO
,"6,7",NO
,"5,083",NO
,"5,767",NO
,"4,783",NO
,"2,983",NO
,"3,4",O
,"3,733",O
,"5,6",SO
,"5,517",SO
,"5,9",SO
,"8,033",SO
,10,SO
,"8,983",SO
,"7,3",SO
,"8,083",SO
,"8,55",SO
,"8,25",SO
,"8,35",SO
,"7,633",O
,"7,867",O
,"8,683",O
,"8,15",SO
,"7,933",SO
,"7,033",O
,"6,9",O
,"7,55",SO
,"8,383",SO
,"9,683",SO
,"10,717",O
,"10,333",O
,"8,517",O
,"7,55",SO
,"7,517",SO
,"7,817",SO
,"6,633",SO
,"7,317",SO
,"5,933",SO
,"5,117",S
,"7,067",SO
,"7,233",SO
,"7,867",SO
,"8,65",SO
,"7,683",SO
,"12,183",O
,"13,933",O
,"13,567",O
,"13,233",O
,"13,183",O
,"12,117",O
,"12,033",O
,"12,333",O
,"11,917",O
,"10,717",O
,"8,617",O
,"7,433",O
,"7,233",O
,"7,917",O
,"8,667",O
,"9,083",O
,"9,033",O
,"9,583",O
,"9,9",O
,"9,317",SO
,"8,9",O
,"9,617",O
,"8,7",SO
,"9,733",O
,"8,65",SO
,"8,75",SO
,"7,983",SO
,"9,15",O
,"8,317",O
,"7,817",O
,"7,067",O
,"7,033",SO
,"6,7",O
,"6,467",O
,"6,6",O
,"6,283",O
,"5,767",SO
,"4,75",SO
,"4,8",SO
,"5,167",SO
,"3,65",O
,"2,967",SO
,"3,267",SO
,"3,467",SO
,"3,05",O
,"2,817",O
,"2,617",SO
,"3,25",SO
,"4,65",SO
,"4,65",O
,"4,75",O
,"2,833",O
,"3,017",N
,"2,65",S
,"2,917",N
,3,NE
,"2,867",NE
,"3,4",E
,"3,817",E
,"3,117",NE
,"2,8",NE
,"5,133",NO
,"4,833",NO
,"6,25",NO
,"6,683",NO
,"6,95",NO
,"6,867",NO
,"9,333",NO
,"9,3",NO
,"8,917",NO
,"8,633",NO
,"9,633",NO
,"9,283",NO
,"9,05",NO
,7,NO
,"7,633",NO
,"9,733",NO
,"11,9",NO
,"9,783",NO
,"10,367",NO
,"7,317",NO
,"8,967",NO
,"10,917",NO
,"9,383",NO
,"9,167",NO
,"9,3",NO
,"8,75",NO
,"8,767",O
,"9,817",O
,"10,467",O
,"10,717",O
,"9,833",O
,"10,117",O
,"9,767",O
,"8,933",O
,"8,35",O
,"8,433",O
,"7,367",O
,"6,533",O
,"5,65",O
,"4,433",O
,"2,85",O
,"3,267",S
,"5,167",SE
,"3,583",S
,"4,617",SO
,"6,867",S
,"7,133",S
,"7,817",S
,"8,1",S
,"8,667",SO
,"8,533",SO
,"8,767",O
,"8,183",SO
,"8,817",SO
,"9,317",SO
,"9,85",O
,"9,917",O
,"9,167",O
,"9,183",O
,"9,083",O
,"7,767",O
,"9,167",O
,"8,367",O
,"10,35",O
,"8,817",O
,"9,633",NO
,"9,133",NO
,"10,05",NO
,"9,367",NO
,"9,583",NO
,"9,683",NO
,"9,8",NO
,"10,2",NO
,"11,05",NO
,"11,9",O
,"12,75",NO
,"12,867",NO
,"12,617",NO
,"12,133",NO
,"12,25",NO
,"12,083",NO
,"11,017",NO
,"10,833",NO
,"10,633",NO
,"9,45",NO
,"8,35",NO
,"8,233",NO
,"9,033",NO
,"8,817",NO
,"8,45",NO
,8,NO
,"8,8",NO
,"8,283",NO
,"9,867",NO
,"9,067",NO
,"9,267",NO
,"9,683",NO
,"9,033",NO
,"9,317",NO
,"8,6",NO
,"8,667",NO
,"9,433",NO
,"10,283",NO
,"10,9",NO
,"10,267",NO
,"8,183",N
,"5,117",N
,"6,917",N
,"6,517",N
,"5,7",N
,"5,983",N
,"5,217",N
,"5,1",N
,"4,15",NE
,"2,95",N
,"3,9",NO
,"4,317",NO
,"5,383",NO
,"6,283",NO
,"6,767",NO
,"7,333",NO
,"8,45",NO
,"8,267",NO
,"7,417",NO
,"7,1",NO
,"6,767",NO
,"6,483",NO
,"3,917",NO
,"5,8",N
,"6,15",NE
,"5,933",N
,"5,983",NE
,"4,983",NE
,"4,167",N
,"4,167",N
,"4,117",N
,"4,417",N
,"4,6",N
,"5,15",N
,"5,217",N
,"6,583",N
,"5,983",N
,"7,117",N
,"6,517",N
,"6,183",NO
,"7,4",N
,"6,65",NE
,"6,683",NE
,"6,417",NE
,"6,267",NE
,"8,783",N
,"5,567",NE
,"7,483",NE
,"6,6",NE
,5,NE
,"5,317",NE
,"5,683",NE
,"5,85",NE
,"6,05",NE
,"5,4",NE
,"3,683",NE
,"3,3",NE
,"3,75",N
,"5,25",N
,"5,567",N
,"5,633",N
,"5,833",NO
,"7,117",NO
,"7,667",NO
,"8,9",NO
,"9,75",NO
,"9,367",NO
,"5,95",N
,"6,617",NE
,"6,283",NE
,"3,7",NE
,"6,533",NE
,"5,867",NE
,"5,45",NE
,"6,517",NE
,"5,917",NE
,"6,033",NE
,"5,483",NE
,"5,267",NE
,"4,6",NE
,"3,783",NE
,"3,883",NE
,"6,167",N
,"5,533",NE
,"6,117",NE
,"5,517",NE
,"5,833",NE
,"5,167",NE
,"6,467",NE
,"6,267",NE
,"6,033",NE
,"7,783",NE
,9,NE
,"9,083",NE
,"5,733",NE
,"8,317",NE
,"7,317",NE
,"6,5",NE
,"6,6",NE
,"6,017",NE
,"6,6",NE
,"7,25",NE
,"6,1",NE
,"5,15",NE
,"4,55",NE
,"4,45",NE
,"4,8",NE
,"4,85",NE
,"4,8",N
,"5,2",N
,"5,717",N
,"5,883",N
,"5,783",N
,"4,817",N
,"3,75",NE
,"3,983",NE
,"4,783",NE
,"5,85",NE
,"5,617",NE
,"7,933",NE
,"7,383",NE
,"7,067",NE
,"5,217",NE
,"4,3",NE
,"4,117",NE
,"4,317",NE
,"4,5",NE
,"3,8",NE
,"3,667",NE
,"4,183",NE
,"4,65",NE
,"5,083",NE
,"5,15",NE
,"5,1",NE
,"5,283",NE
,"4,983",NE
,"4,85",N
,"6,733",N
,"7,083",N
,"6,15",N
,"4,6",N
,"5,483",NE
,"2,8",NE
,"4,95",NE
,"7,467",E
,"8,95",E
,"7,767",E
,"8,25",E
,"7,083",E
,"4,85",E
,"3,7",E
,"3,717",E
,"4,167",E
,"4,1",E
,"5,05",SE
,"4,683",NO
,"5,617",O
,7,NO
,"7,4",NO
,"6,85",NO
,"8,467",NO
,"8,183",NO
,"8,333",NO
,"8,583",N
,"7,05",N
,"7,2",N
,"4,65",NE
,"3,95",NE
,"5,1",NE
,"4,833",NE
,"5,017",NE
,"4,583",NE
,"5,117",NE
,"3,7",E
,"4,383",NO
,"4,433",NO
,"5,933",NO
,"9,35",NO
,"11,083",NO
,"10,817",NO
,"10,317",NO
,"9,45",NO
,"9,45",NO
,"6,333",NO
,"3,8",N
,"6,983",NE
,"8,083",N
,"7,6",NE
,"5,917",NE
,"4,35",NE
,4,NE
,"4,217",NE
,"4,283",NE
,"3,917",NE
,"3,433",NE
,"5,167",N
,"6,267",NO
,"8,017",NO
,"8,633",NO
,"9,95",NO
,"11,417",NO
,"10,833",NO
,"11,45",NO
,"9,633",NO
,"8,517",N
,"8,217",N
,"6,867",N
,"7,117",NE
,6,NE
,"5,817",NE
,"7,017",NE
,"5,983",NE
,"4,483",NE
,"4,733",NE
,"4,017",NE
,"5,083",E
,"5,917",E
,"5,017",SE
,"4,05",SE
,6,S
,"6,833",S
,"6,35",S
,"5,467",S
,"6,6",S
,"7,317",S
,"6,917",S
,"7,367",S
,"5,55",SO
,"3,3",SO
,"8,483",NO
,"9,867",NO
,"10,25",NO
,"10,183",NO
,"7,617",NO
,"7,683",NO
,"7,133",NO
,"5,733",NO
,"6,367",O
,"7,367",O
,"8,033",O
,"8,55",O
,"8,217",O
,"8,867",O
,"9,783",O
,"9,95",O
,"10,167",O
,"9,617",O
,"8,883",SO
,"8,683",O
,"6,267",NO
,"8,733",NO
,"9,117",NO
,"8,133",NO
,"7,967",NO
,"8,35",NO
,"7,15",NO
,"6,35",NO
,"5,783",NO
,"6,15",NO
,"4,983",O
,"4,817",NO
,"5,967",O
,"5,7",NO
,"4,933",NO
,"5,2",O
,"6,083",O
,"6,65",O
,"7,1",O
,"7,65",O
,"8,067",O
,"7,733",O
,"7,817",NO
,"6,9",O
,"4,95",NO
,"7,817",NO
,"8,617",NO
,"7,917",NO
,"7,333",NO
,"7,717",NO
,"6,867",NO
,"5,85",NO
,"5,917",NO
,"5,317",NO
,"5,983",NO
,"6,667",NO
,"5,55",NO
,"6,05",NO
,"6,9",NO
,"7,7",NO
,"8,833",NO
,"8,833",NO
,"8,717",NO
,"8,15",NO
,"6,567",NO
,"6,85",NO
,"6,983",NO
,"4,767",NO
,"2,6",NO
,"4,417",N
,"6,1",NE
,"5,3",NE
,"4,75",NE
,"4,983",N
,"4,983",N
,"4,883",N
,"3,283",N
,"4,017",N
,"4,483",N
,"4,883",NO
,"5,117",NO
,"4,35",NO
,"5,933",NO
,"8,667",NO
,"7,467",NO
,"7,967",NO
,"9,3",NO
,"8,45",NO
,"9,15",NO
,"7,6",NO
,"4,667",N
,"7,133",NE
,"5,883",NE
,"5,25",N
,"6,083",N
,"6,8",N
,"6,417",N
,"6,017",N
,"6,45",N
,"5,9",N
,"4,967",N
,"3,783",N
,"3,617",NO
,"4,517",NO
,"5,45",NO
,"6,317",NO
,"6,4",O
,"6,733",O
,"7,467",NO
,"8,083",NO
,"6,883",NO
,"5,8",NO
,"7,533",NO
,"6,183",N
,"4,483",NE
,"6,45",NE
,"5,633",NE
,"3,817",NE
,"2,85",NE
,"3,45",NE
,"2,583",NE
,"4,05",NE
,"2,133",NE
,"3,9",NO
,"3,8",NO
,"3,9",O
,"3,583",O
,"4,083",S
,"3,75",SO
,"2,817",S
,"5,2",S
,"6,083",S
,"6,283",S
,"7,083",S
,"7,6",S
,"9,567",S
,"10,867",SO
,"11,15",SO
,"9,15",O
,"7,917",SO
,"8,133",SO
,"8,833",O
,"8,35",O
,"7,833",O
,"8,083",SO
,9,O
,"8,817",SO
,"8,75",SO
,"8,933",O
,"9,05",O
,"8,55",O
,"7,733",SO
,"7,767",SO
,"5,467",SO
,"8,233",SO
,"8,75",SO
,"9,2",SO
,"8,783",SO
,"9,15",SO
,"9,633",SO
,"9,15",O
,"9,533",SO
,"8,833",O
,"9,45",O
,"9,4",O
,"9,283",O
,"9,75",O
,"9,267",O
,"9,55",O
,"9,533",O
,"8,85",O
,"7,883",O
,"7,2",O
,"6,483",O
,"6,217",O
,"4,883",O
,"5,133",O
,"2,467",SO
,"4,117",SO
,"4,617",S
,"5,2",S
,"5,333",S
,"5,017",S
,"4,367",S
,"5,25",S
,"4,7",S
,"4,433",S
,"6,35",S
,"8,367",S
,"9,2",S
,"9,017",S
,"8,817",S
,"7,617",S
,"7,067",SO
,"6,25",SO
,"5,033",SO
,"5,633",SO
,"4,483",SO
,"3,617",O
,"3,5",E
,"3,1",NE
,"5,033",NE
,"5,033",NE
,"3,917",NE
,"5,467",E
,"7,733",E
,"4,05",E
,"6,367",NE
,"6,383",E
,"7,667",E
,"6,5",E
,"5,65",NE
,"6,45",E
,"6,65",E
,"6,783",SE
,"7,717",S
,"7,85",SO
,"8,183",SO
,"7,333",O
,"5,45",O
,"6,733",O
,"3,083",O
,"3,667",SO
,"5,55",SO
,"5,2",S
,"5,3",S
,"4,333",SO
,"5,4",SO
,"5,1",SO
,"4,533",SO
,"5,433",SO
,"7,117",SO
,"7,183",SO
,"8,517",SO
,"8,583",SO
,"9,233",SO
,"9,517",SO
,"9,233",SO
,"8,633",SO
,"6,65",SO
,"6,383",SO
,"5,367",SO
,"5,3",SO
,"6,833",S
,"5,4",S
,"7,883",SO
,"8,117",SO
,"8,517",O
,"8,983",NO
,"8,083",NO
,"6,9",NO
,"6,217",NO
,"4,967",NO
,"4,233",NO
,"3,017",NO
,"3,2",NO
,"3,667",NO
,"4,433",O
,"5,467",O
,"5,967",O
,"6,4",O
,"6,883",O
,"6,7",O
,"4,733",O
,"5,133",O
,"5,383",O
,"5,317",O
,"5,117",O
,"4,083",O
,"4,267",O
,"5,183",O
,"3,25",O
,"3,55",O
,"2,417",SO
,"3,817",SO
,"5,5",O
,"6,717",O
,"6,6",O
,"6,783",O
,"6,55",O
,"7,133",O
,"8,1",O
,"8,217",O
,"8,983",O
,"9,167",O
,"8,733",O
,"8,267",O
,"8,55",NO
,"8,183",NO
,"7,817",O
,"8,183",NO
,"7,75",NO
,"7,983",NO
,"7,517",NO
,"6,867",NO
,"5,983",NO
,"5,25",NO
,"4,483",NO
,"3,467",NO
,"3,483",O
,"5,217",O
,"2,617",O
,"4,467",O
,"5,55",O
,"6,65",O
,"6,133",NO
,"6,85",NO
,"7,233",NO
,"6,133",NO
,"5,867",NO
,"6,783",NO
,"6,65",NO
,"6,15",NO
,"5,167",NO
,"5,517",NO
,"6,383",NO
,"6,583",NO
,"5,083",NO
,"5,783",NO
,"4,483",N
,"3,767",N
,"3,25",NO
,"3,633",NO
,"4,533",NO
,"5,533",NO
,"5,433",NO
,"6,15",NO
,"6,533",NO
,"6,967",NO
,"7,233",NO
,"7,233",NO
,"7,133",NO
,"6,717",NO
,"6,3",NO
,"5,783",NO
,"6,95",N
,"7,75",NE
,"6,433",NE
,"6,1",NE
,"5,017",NE
,"5,2",NE
,"4,15",NE
,"3,183",NE
,"4,4",NO
,"5,717",NO
,"5,917",NO
,7,NO
,"7,8",NO
,"8,5",NO
,"8,267",NO
,"8,95",NO
,"9,833",NO
,"9,383",NO
,"8,75",NO
,"9,3",NO
,"8,65",NO
,"8,05",NO
,"8,05",NO
,"5,717",N
,"4,267",N
,"3,383",N
,"3,3",N
,"4,05",N
,"4,917",NO
,"5,833",NO
,"7,3",NO
,"8,483",NO
,"9,2",NO
,"7,067",NO
,"8,1",NO
,"8,483",NO
,"7,367",NO
,"6,8",NO
,"7,083",NO
,"6,4",N
,"6,567",NE
,"6,167",NE
,"5,45",NE
,"6,017",NE
,"6,917",NE
,"6,233",NE
,"5,35",NE
,"4,517",NE
,"3,633",N
,"4,05",N
,"3,717",N
,"4,367",NO
,"5,433",NO
,"5,85",NO
,"7,4",NO
,"8,45",NO
,"7,667",NO
,"6,867",NO
,"8,1",NO
,"7,983",NO
,"7,767",NO
,"7,433",NO
,"7,583",NO
,"6,75",NO
,"5,75",NO
,"4,75",NO
,"4,783",NO
,"4,317",NO
,"3,717",NO
,"4,2",N
,"2,567",NO
,"3,583",O
,"5,217",O
,"6,25",O
,"6,617",O
,"6,817",O
,"7,133",O
,"6,983",O
,"7,733",NO
,"8,133",NO
,8,NO
,"8,283",NO
,"7,433",NO
,"7,067",NO
,"7,217",NO
,"6,8",NO
,"8,15",N
,"6,583",NE
,5,NE
,"3,833",NE
,"4,783",NE
,"5,117",NE
,"3,417",NE
,"3,667",NE
,"3,533",NE
,"2,817",NE
,"4,283",NO
,"4,217",NO
,"5,917",NO
,"6,317",NO
,"7,217",NO
,"7,9",NO
,"8,45",NO
,"8,55",NO
,"8,55",NO
,"9,317",NO
,"9,45",NO
,"8,65",NO
,"5,9",N
,"5,333",NE
,"5,4",NE
,"4,583",NE
,"3,617",NE
,"3,3",N
,"3,9",N
,"4,05",N
,"3,767",NO
,"4,533",NO
,"4,567",NO
,"5,45",NO
,"5,917",NO
,"6,733",NO
,"4,817",NO
,"5,067",NO
,5,NO
,"6,333",NO
,"5,167",NO
,"4,667",NO
,"4,35",N
,"5,483",NE
,"6,967",NE
,"7,05",NE
,"7,683",NE
,"7,567",NE
,"7,15",NE
,"4,067",NE
,"4,083",NE
,"4,883",NE
,"6,133",E
,"7,85",E
,"7,15",NE
,"7,283",E
,"8,25",E
,"9,4",E
,"9,083",E
,"8,583",E
,"8,083",E
,"7,967",E
,"7,783",NE
,"7,867",NE
,"8,167",NE
,"7,733",NE
,"8,067",NE
,"6,65",NE
,"7,2",NE
,"6,167",NE
,7,NE
,"6,367",NE
,"5,867",NE
,"7,067",NE
,"5,167",NE
,"5,9",NE
,"5,55",NE
,"5,317",NE
,"5,433",NE
,"6,683",NE
,"7,017",NE
,"6,95",NE
,"6,3",NE
,"6,917",NE
,"7,117",NE
,"6,883",NE
,"7,15",NE
,"6,617",NE
,"6,2",NE
,"5,7",NE
,"5,25",NE
,"3,917",NE
,"6,283",NE
,"7,183",NE
,"8,35",NE
,"8,85",NE
,"7,733",NE
,"7,383",NE
,"8,133",NE
,"6,7",NE
,"6,4",NE
,"7,833",NE
,"6,317",NE
,"5,85",NE
,"8,05",NE
,"8,767",NE
,"9,6",NE
,"9,733",NE
,"8,933",NE
,"9,567",NE
,"9,15",NE
,"8,067",NE
,"9,1",NE
,"8,467",NE
,"7,667",NE
,"9,317",NE
,"10,9",N
,"11,267",N
,"9,067",NE
,"6,367",NE
,"7,633",N
,"7,3",NE
,"6,983",NE
,"5,783",NE
,"5,3",NE
,"6,15",NE
,"5,617",NE
,"5,4",NE
,"4,65",NE
,4,NE
,"3,9",NE
,"4,017",N
,"5,367",N
,"6,783",NO
,"8,067",NO
,"8,683",NO
,8,NO
,"9,75",NO
,"11,417",NO
,"10,117",NO
,"9,783",NO
,"7,817",NO
,"7,483",NO
,"6,883",NO
,"6,967",NO
,"5,917",N
,"7,267",N
,"5,95",N
,"5,267",N
,"5,167",N
,"5,8",N
,"5,45",N
,"4,7",N
,"4,35",NO
,"5,317",NO
,"6,333",NO
,"7,4",NO
,"8,15",NO
,"7,7",O
,"8,983",O
,"9,417",O
,"9,783",NO
,"9,317",NO
,"7,8",NO
,"6,683",NO
,"6,583",NO
,"6,967",N
,"7,15",NE
,"6,933",NE
,"6,333",N
,"6,55",N
,"5,65",N
,"5,183",N
,"4,433",N
,"3,8",N
,"4,067",NO
,"3,833",NO
,"5,183",NO
,"5,333",NO
,"6,55",NO
,"7,383",NO
,"7,55",NO
,"7,667",NO
,"8,517",NO
,"9,183",NO
,"7,6",NO
,7,O
,"6,517",O
,"7,7",O
,"8,933",O
,"9,25",O
,"9,533",O
,"9,367",O
,"9,583",O
,"9,6",O
,"10,467",O
,"9,883",NO
,"8,683",NO
,"8,183",NO
,"7,383",NO
,"6,4",NO
,"6,733",NO
,"9,317",NO
,"9,833",NO
,"9,483",NO
,"10,117",NO
,"10,267",NO
,"10,65",NO
,"10,467",NO
,"8,6",NO
,"8,167",NE
,"8,317",NE
,"7,85",NE
,"7,533",NE
,"8,017",NE
,"7,1",NE
,"5,683",NE
,"3,983",NE
,"4,283",NE
,"4,9",NE
,"5,1",NE
,"4,833",NE
,"5,1",E
,"4,683",NE
,"4,867",NE
,"5,333",NE
,"5,15",NE
,"5,55",NE
,"5,633",NE
,6,NO
,"5,55",N
,"4,9",N
,"6,133",N
,"6,633",NE
,"7,117",NE
,"7,967",NE
,"8,65",NE
,"7,967",NE
,"8,2",NE
,"7,95",NE
,"7,15",NE
,"8,65",E
,"8,283",E
,"7,867",E
,"7,417",E
,"6,367",E
,"6,817",NE
,"7,717",NE
,"6,367",E
,"6,05",NE
,"6,45",NE
,"6,85",NE
,"6,333",NE
,"6,95",NE
,"6,717",NE
,"6,517",NE
,"5,683",NE
,"4,5",NE
,4,NE
,"3,817",NE
,"4,4",NE
,"4,633",NE
,"3,85",NE
,"4,283",NE
,"4,25",NE
,"4,467",NE
,"4,25",NE
,"3,967",E
,"3,817",NE
,"3,867",NE
,"3,85",NE
,"4,133",NE
,"5,583",NE
,"5,817",NE
,"5,5",NE
,"4,783",NE
,"4,15",NE
,"4,45",NE
,"5,667",NO
,"8,683",NO
,"10,983",NO
,"10,9",NO
,"10,117",NO
,"8,133",NO
,"5,35",NO
,"5,317",N
,"5,8",N
,"4,9",NE
,"4,567",NE
,"3,933",NE
,"3,483",NE
,"3,517",E
,"3,417",O
,"4,017",NO
,"3,467",O
,"4,617",O
,"5,45",O
,"6,883",O
,"8,2",O
,"8,2",O
,"7,7",O
,"8,1",O
,"9,183",O
,"8,65",O
,"10,017",O
,"10,05",O
,"9,533",NO
,"8,1",NO
,"8,333",NO
,"9,65",NO
,"8,033",NO
,"9,167",NO
,"7,417",NO
,"7,717",NO
,"9,25",NO
,"7,7",NO
,"8,517",NO
,"10,467",NO
,"9,933",NO
,"9,617",NO
,"9,883",NO
,"11,483",NO
,"12,9",NO
,"13,067",NO
,"12,85",NO
,"13,067",NO
,"13,167",NO
,"12,367",NO
,"11,4",NO
,"10,467",NO
,"9,433",NO
,"9,783",NO
,"9,05",NO
,"9,483",NO
,"8,033",NO
,8,NO
,"9,017",NO
,8,NO
,"8,283",NO
,"9,133",NO
,"8,733",N
,"8,333",N
,"7,4",N
,"8,117",NO
,"8,6",NO
,"9,683",NO
,"8,033",NO
,"7,567",NO
,"6,933",NO
,"8,267",NO
,"7,583",NO
,"7,5",NO
,"6,95",N
,"8,067",N
,"9,317",N
,"8,15",N
,"8,3",N
,"8,067",N
,"8,45",N
,"8,083",N
,"7,417",NE
,"5,65",NE
,"5,383",NE
,"4,05",N
,"4,383",N
,"4,933",NO
,"5,683",NO
,"6,1",NO
,"6,4",NO
,"7,5",NO
,"9,65",NO
,"10,533",NO
,"10,217",NO
,"9,65",NO
,"10,333",NO
,"9,067",NO
,"8,117",NO
,"9,333",NO
,"8,35",NO
,"4,3",N
,"2,417",N
,"3,65",O
,"3,583",SO
,"4,2",SO
,"4,383",SO
,"5,15",SO
,"5,767",O
,"6,867",O
,"5,583",O
,"5,333",O
,"6,2",O
,"5,933",O
,"7,1",O
,"9,5",N
,7,N
,"7,017",N
,"9,567",N
,"8,933",N
,"9,517",N
,"10,1",NO
,"9,833",N
,"9,75",N
,"8,95",N
,"8,017",N
,"7,567",NO
,"7,283",NO
,"7,283",N
,"6,283",N
,"6,483",N
,"7,017",NO
,"8,217",NO
,"9,7",NO
,"9,75",NO
,"9,167",NO
,"10,233",NO
,"9,367",NO
,"9,117",NO
,8,NO
,"7,5",NO
,"4,733",N
,"4,017",NE
,"3,017",NE
,"3,083",E
,"5,317",E
,"4,933",SE
,"3,867",SE
,"4,767",S
,"5,333",S
,"6,567",SO
,"6,417",O
,6,O
,"6,45",O
,"6,85",SO
,"7,9",SO
,"8,433",SO
,"9,067",SO
,"9,2",SO
,"9,35",SO
,"9,217",SO
,"8,85",SO
,"8,867",SO
,"9,5",SO
,"10,467",SO
,"10,683",SO
,"10,05",S
,"11,133",SO
,"11,733",SO
,"12,55",SO
,"10,883",O
,"7,133",NO
,"7,367",NO
,"6,617",NO
,"6,033",NO
,"5,667",NO
,"6,333",O
,"7,283",NO
,"8,35",NO
,"9,367",NO
,"9,533",NO
,"12,167",NO
,"11,983",NO
,"11,6",NO
,"11,467",O
,"11,233",O
,"10,267",O
,"10,183",NO
,"10,017",NO
,"5,767",NO
,"6,7",NO
,"6,233",NO
,"4,833",O
,"4,5",O
,"4,433",O
,"3,633",O
,"4,8",O
,"4,867",O
,"6,133",O
,"6,333",O
,"5,417",O
,"4,5",O
,"4,967",O
,"4,467",O
,"4,033",O
,"3,617",O
,"4,067",S
,"3,683",S
,"3,933",S
,"4,2",S
,"3,367",SE
,"4,367",E
,"5,967",SE
,"7,233",SE
,"5,017",SE
,"5,667",E
,"6,4",E
,"5,85",E
,5,E
,"4,517",E
,"4,567",E
,"4,183",E
,"4,167",E
,"5,033",E
,"3,45",E
,"3,55",E
,"4,15",SE
,"4,117",SE
,"2,717",SE
,"4,033",NO
,"4,4",NO
,"4,333",NO
,"4,817",NO
,"5,483",NO
,"6,583",NO
,"6,783",NO
,"5,9",N
,"3,483",N
,"5,367",N
,"3,35",NE
,"5,617",E
,"5,833",E
,"6,333",E
,"6,783",E
,"6,85",E
,"6,433",E
,"6,233",E
,"4,283",E
,"3,283",E
,"3,7",NE
,"4,533",NE
,"4,133",NE
,"3,9",NE
,"4,167",NE
,"3,883",NE
,"4,867",N
,"5,183",NO
,"5,383",N
,"5,45",N
,"6,167",NE
,"6,817",NE
,"5,1",NE
,"7,983",NE
,"4,967",NE
,"4,317",NE
,"4,7",E
,"6,017",E
,"7,017",E
,"8,917",E
,"8,6",E
,"7,85",E
,"7,383",E
,"7,1",E
,"6,517",E
,"6,15",E
,"4,55",S
,"4,95",O
,"5,217",O
,"4,9",O
,"4,367",O
,"4,6",NO
,"4,967",NO
,"4,9",N
,"3,267",N
,"3,117",NE
,"3,95",E
,"5,617",E
,"6,95",SE
,"8,083",SE
,"9,617",S
,"9,35",S
,"8,533",SE
,"7,617",S
,"7,2",S
,"6,95",S
,"6,917",S
,"8,4",SO
,"7,367",O
,"6,967",NO
,"8,533",O
,"7,633",O
,"7,517",O
,"7,5",SO
,"7,367",SO
,"6,767",SO
,7,SO
,"7,15",SO
,"5,117",O
,"6,367",O
,"6,483",O
,"6,067",O
,"5,35",O
,"4,267",O
,"3,283",O
,"3,583",O
,"3,45",O
,"3,85",SO
,"3,817",SO
,4,O
,"6,15",O
,"6,233",O
,"5,433",O
,"5,117",O
,"5,283",O
,"4,767",O
,"3,517",O
,"4,3",NO
,"4,233",NO
,"4,333",NO
,"2,767",NO
,"4,733",N
,"6,1",NE
,"6,117",NE
,"5,367",NE
,"5,05",NE
,"3,6",NE
,"4,283",E
,"5,6",E
,"4,4",E
,"3,567",E
,"4,25",E
,"4,167",E
,"4,583",E
,"4,65",E
,"5,2",E
,6,E
,"6,35",NE
,"5,567",NE
,"5,117",NE
,"5,483",NE
,"5,833",NE
,"4,683",NE
,"7,2",E
,"7,55",E
,"8,467",E
,"8,733",E
,"8,95",E
,"8,633",E
,"8,583",E
,"7,867",E
,"7,35",E
,"6,983",E
,"5,833",E
,"6,45",E
,"6,1",E
,"4,983",E
,"4,267",E
,"3,883",S
,"4,9",O
,"5,2",O
,"4,317",O
,"2,417",NE
,"6,183",E
,"6,167",E
,"9,2",E
,"8,283",E
,"7,9",E
,"4,183",S
,"1,867",SO
,"5,517",NO
,"7,033",NO
,"6,65",O
,"6,817",O
,"6,533",NO
,"5,533",O
,"5,65",O
,"6,6",O
,"7,017",O
,"6,367",O
,"5,5",O
,5,O
,"4,917",O
,"4,617",SO
,"4,617",SO
,"4,533",SO
,"5,217",SO
,"3,35",SO
,"5,917",O
,"4,983",O
,"4,067",O
,"4,6",O
,"4,517",O
,"3,4",O
,"3,6",SO
,"5,033",S
,"5,233",S
,"5,733",S
,"7,217",S
,"8,133",S
,"8,817",S
,"9,067",S
,"8,867",S
,"8,783",S
,"9,017",S
,"7,517",S
,"6,583",S
,"6,65",S
,"6,517",S
,"7,583",S
,"4,1",S
,7,S
,"6,5",S
,"6,217",S
,"6,333",S
,"6,35",S
,"6,217",S
,"6,517",SO
,6,SE
,"7,05",SE
,6,SE
,"7,183",S
,"7,5",S
,"8,517",S
,"8,85",S
,"8,133",S
,"7,283",S
,"7,267",S
,"6,3",S
,"5,75",S
,"4,867",S
,"5,033",S
,"5,6",S
,"5,033",SE
,"2,6",SE
,"3,283",E
,"3,7",E
,"4,217",NE
,"3,9",NE
,"3,35",NE
,"3,5",E
,"4,2",E
,"2,567",E
,"4,45",NO
,"6,467",NO
,"6,05",NO
,"7,7",NO
,"7,217",NO
,"6,733",NO
,"6,65",NO
,"5,767",NO
,"5,467",O
,"5,983",NO
,"5,533",NO
,"4,433",NO
,"5,617",NO
,"5,517",NO
,"3,95",NO
,"2,45",NO
,"3,883",NO
,"2,683",NO
,"3,95",N
,"3,867",NO
,"3,567",NO
,"5,083",NO
,"7,217",NO
,"7,2",NO
,"7,367",NO
,"7,833",NO
,"7,267",NO
,"7,833",NO
,"7,15",NO
,"6,567",NO
,"6,083",NO
,"5,617",NO
,"6,1",NO
,"4,583",NO
,"3,6",NO
,"4,05",SO
,"5,15",SO
,"5,2",S
,"5,767",SO
,"6,35",SO
,"7,483",S
,"8,233",S
,"8,533",S
,"8,283",S
,"7,567",S
,"6,817",S
,"6,117",S
,"6,167",S
,"6,733",S
,"4,55",S
,"5,65",SO
,"4,85",SO
,"5,767",O
,"5,667",O
,"6,3",SO
,"5,617",SO
,"5,9",SO
,"5,767",SO
,"5,183",SO
,"4,8",SO
,"7,25",SO
,"7,533",SO
,"8,067",S
,"8,833",S
,"7,65",S
,"6,9",S
,"7,7",S
,"8,117",SE
,"7,867",SE
,"7,683",SE
,"6,267",SE
,"7,167",SE
,"6,283",SE
,"4,15",E
,"6,967",E
,"6,817",SE
,"6,967",E
,"7,517",E
,"6,833",E
,"6,15",E
,"6,2",E
,"6,1",E
,"5,717",E
,"4,133",E
,"3,7",E
,"4,7",E
,"5,85",E
,"4,967",E
,"4,25",E
,"3,2",NE
,"3,517",NE
,"4,383",N
,"4,933",NO
,"3,867",N
,"4,65",N
,"8,217",NO
,"8,783",N
,"5,467",N
,"7,2",N
,"7,817",N
,"6,367",N
,"5,9",N
,"6,283",N
,"5,733",N
,"5,733",N
,"6,383",N
,"5,817",N
,"5,2",N
,"4,6",N
,"4,95",N
,"4,833",N
,4,N
,"4,5",NO
,"6,567",N
,"7,267",NE
,"5,85",NE
,"6,033",NE
,"5,683",N
,"5,483",N
,"6,167",N
,"6,467",N
,"3,9",N
,"5,8",N
,"5,85",NE
,"5,6",NE
,"3,517",NE
,"4,2",NE
,"4,017",NE
,"3,25",NE
,"2,817",E
,"2,633",E
,"3,45",E
,"4,383",E
,"4,267",E
,"3,983",NE
,"3,65",NE
,"3,583",NE
,"3,783",NE
,"4,417",N
,"5,667",N
,"6,083",NO
,"6,217",NO
,"6,267",N
,"5,983",N
,"5,817",N
,"3,05",N
,"3,767",N
,"2,917",NE
,"3,6",NO
,"4,533",NO
,"5,6",NO
,"5,867",NO
,"5,883",O
,"6,233",NO
,"6,2",NO
,"5,35",O
,"4,983",O
,"5,117",NO
,"2,933",O
,"4,05",O
,"4,9",NO
,"6,183",NO
,"5,3",NO
,"4,4",NO
,"3,133",NO
,"5,183",O
,"6,95",O
,"7,217",O
,"7,417",O
,"6,733",O
,6,O
,"5,883",O
,"7,067",O
,"7,833",O
,"5,8",O
,"8,733",O
,9,O
,"8,833",O
,"8,867",O
,"9,817",NO
,"6,85",NO
,"7,533",NO
,"7,633",NO
,"8,017",NO
,"7,267",NO
,"8,117",NO
,"8,5",N
,"7,217",N
,"9,9",N
,"10,317",N
,"10,8",N
,"10,817",NE
,"11,483",N
,"12,75",N
,"13,717",N
,"12,4",NE
,"10,217",NE
,"10,367",NE
,"6,35",NE
,"8,433",NE
,"9,667",NE
,"10,267",NE
,"9,733",NE
,"8,6",NE
,"8,15",NE
,"7,433",NE
,"7,033",NE
,"8,367",NE
,"8,683",NE
,"8,6",NE
,"9,75",NE
,"9,95",NE
,"9,6",NE
,"8,4",NE
,"7,883",NE
,"8,8",N
,"8,733",N
,"8,833",NE
,"8,967",N
,"8,85",N
,"9,2",N
,"9,583",N
,"5,9",NE
,"8,033",NE
,"7,733",NE
,"6,767",NE
,"6,133",NE
,"6,75",NE
,"6,7",NE
,"6,233",NE
,"5,9",NE
,"5,5",NE
,"4,083",NE
,"3,8",NE
,"4,8",NE
,"4,567",NE
,"5,417",NE
,"5,417",NE
,"6,05",N
,"6,567",N
,"6,633",N
,"7,117",N
,"7,167",NE
,"6,783",N
,"7,683",NE
,"8,1",NE
,"5,217",NE
,"6,383",NE
,"6,017",NE
,"3,45",NE
,"2,967",NE
,"2,65",E
,"3,183",E
,"5,35",E
,"6,483",E
,"6,633",E
,"4,65",E
,"3,717",NO
,"5,05",NO
,"5,85",NO
,"5,15",NO
,"5,85",NO
,"6,917",NO
,"7,15",NO
,"7,433",NO
,"8,3",NO
,"8,167",NO
,"7,95",NO
,"5,017",NO
,"6,8",N
,"5,083",N
,"3,917",NE
,"3,417",NE
,"3,283",E
,"2,55",E
,"3,283",NE
,"2,7",NE
,"2,167",NE
,"2,6",NE
,"2,733",NE
,"3,767",NO
,"4,75",NO
,"5,333",NO
,"6,55",NO
,"7,317",NO
,"7,267",NO
,"7,783",NO
,"7,783",NO
,"7,283",N
,"6,833",N
,"3,517",N
,"3,9",NE
,"3,1",NE
,"2,933",NE
,"3,05",NE
,"3,167",E
,"4,333",E
,"5,183",E
,"7,767",E
,"7,9",E
,"4,883",E
,"2,733",E
,"3,1",NE
,"3,683",E
,"3,683",NE
,"4,733",N
,"5,233",N
,"7,267",NO
,"8,283",NO
,"7,55",NO
,"7,25",NO
,"6,883",N
,"5,117",N
,"2,583",N
,"3,75",E
,"2,767",NE
,"4,467",E
,"4,667",E
,"3,4",SE
,"4,017",SE
,"4,7",SE
,"4,4",SE
,"2,35",E
,"3,467",E
,"3,433",E
,"2,833",E
,"6,45",O
,"5,767",O
,"5,433",O
,"4,367",O
,"3,25",NO
,"3,933",NO
,"2,867",NO
,"3,333",O
,"3,967",SO
,"4,15",SO
,"4,183",SO
,"3,633",SO
,"4,283",SO
,"3,683",SO
,"4,533",O
,"4,983",O
,"5,7",O
,"5,583",O
,"5,983",O
,"6,133",SO
,"6,2",SO
,"6,083",SO
,"5,383",SO
,"3,7",SO
,"3,517",O
,"5,9",NO
,"3,55",NO
,"6,4",N
,"5,167",NE
,"4,333",NE
,"4,117",NE
,"4,033",NE
,"4,933",NE
,"4,367",NE
,"3,883",NE
,"3,433",NE
,"3,917",O
,"3,9",O
,"3,717",O
,"3,383",O
,"5,233",SE
,"6,517",S
,"7,4",S
,"7,55",SO
,"8,117",O
,"6,733",O
,"4,867",SO
,"5,7",SO
,"6,45",SO
,"6,967",O
,"9,6",NO
,"6,75",NO
,"8,167",NO
,"9,25",NO
,"7,8",NO
,"6,783",NO
,"7,95",NO
,"9,233",O
,"9,283",NO
,"8,983",NO
,"8,467",NO
,"7,733",NO
,"4,3",NO
,"5,8",NO
,"5,433",NO
,"4,333",NO
,"4,95",S
,"5,367",S
,"4,25",S
,"5,7",SO
,"6,8",SO
,"6,833",SO
,"6,983",SO
,"7,367",SO
,"7,8",SO
,"7,567",SO
,"6,967",SO
,"6,267",S
,6,SO
,"6,083",SO
,"6,967",SO
,"4,333",SO
,"6,917",SO
,7,SO
,"6,8",SO
,"5,933",SO
,"7,2",SO
,"6,95",SO
,"6,433",SO
,"6,35",SO
,"6,583",SO
,"6,1",SO
,"6,483",SO
,"7,183",SO
,"7,283",O
,"3,967",NO
,"7,433",NO
,"4,9",NO
,"4,65",SO
,"5,733",O
,"6,35",NO
,"8,933",NO
,"6,05",NO
,"7,733",NO
,"7,9",NO
,"6,933",NO
,"6,183",N
,"4,75",N
,"3,533",N
,"4,333",O
,"4,75",O
,"5,067",SO
,"4,833",O
,"5,75",O
,"6,7",O
,"7,317",O
,"7,467",O
,"7,7",O
,"6,617",O
,"10,533",O
,"11,067",O
,"10,533",O
,"10,717",O
,"10,733",O
,"10,017",O
,"9,667",O
,"8,883",N
,"7,367",N
,"6,433",NO
,"6,767",NO
,"6,367",NO
,"5,85",NO
,"6,667",NO
,"7,2",NO
,"7,9",NO
,"7,25",NO
,"6,917",NO
,"7,117",NO
,"7,267",NO
,"7,183",NO
,"5,917",NO
,"4,733",NO
,"3,283",NO
,"4,25",NO
,"3,9",O
,"3,517",NO
,"3,65",O
,"4,117",O
,"4,083",SO
,"5,95",SO
,"5,517",SO
,"4,783",SO
,"4,967",SO
,"6,55",SO
,"7,217",SO
,"7,583",SO
,"7,017",SO
,"6,833",SO
,"6,517",SO
,"6,633",SO
,"6,517",O
,"6,083",O
,"5,317",O
,"5,317",O
,"5,217",O
,"5,667",O
